1RogueReporter,way
zoopzoop,ever
zoopzoop,use
thach_cat,music
thach_cat,library
thach_cat,help
thach_cat,help
thach_cat,ipad
India_Hot_Deals,deals
India_Hot_Deals,offers
ILMagazine,ipad
ILMagazine,ipad
ILMagazine,logistics
ILMagazine,android
ILMagazine,windows
GottaDealDeals,deals
GottaDealDeals,white
GottaDealDeals,black
SDMessengers,ipad
SDMessengers,ipad
SDMessengers,logistics
SDMessengers,android
SDMessengers,windows
ExtraDealz,white
ExtraDealz,black
auction_site,white
auction_site,black
Best_Deals_Only,white
Best_Deals_Only,black
Best_Deals_Only,open
Best_Deals_Only,box
Best_Deals_Only,beautiful
Tek2Hot,android
Tek2Hot,office
Tek2Hot,ios
TJKalogianis,office
TJKalogianis,internet
Derry_London,office
TheBlacknessNet,office
AriesGDIM,office
iPad2_Drips,office
YourITMan,office
YourITMan,microsoft
YourITMan,google
RajeshIyer619,serious
RajeshIyer619,every
LavaHotDeals,black
LavaHotDeals,leather
LavaHotDeals,cover
LavaHotDeals,free
nathanbinding,play
nathanbinding,waiting
nathanbinding,game
LaraaSaunders,help
LaraaSaunders,help
LaraaSaunders,design
LaraaSaunders,question
LaraaSaunders,note
LaraaSaunders,art
LaraaSaunders,art
LaraaSaunders,samsung
toshtiwari,office
toshtiwari,tech
PoyserMotors,like
PoyserMotors,chance
sapangoyal,like
sapangoyal,news
sapangoyal,news
Fon_SoLo,android
Fon_SoLo,tablet
Fon_SoLo,whichone
LatinosPostTech,gold
YPrestaShop,price
Squidthink,hope
Squidthink,tomorrow
Ellis_Financial,future
WiegensteinLLC,future
david_estabrook,future
PWARJ,future
moss_larry,future
gubatron,damn
gubatron,good
fansofapple,touch
tcotav,need
tcotav,together
tcotav,sky
TomCSchwab,future
GeneMelamud,future
FormanTroy,future
WLAVIN1,future
ColleenOnWealth,future
ange_anderson,tomorrow
ange_anderson,morning
JH_WealthSense,future
cullmann,sign
VonRJFP,future
AppleHatesMe,air
kpmoore03,future
BeeMyBabi,like
BeeMyBabi,go
BeeMyBabi,daughter
PhilHall,gold
MattiasWahlgren,air
M_Fkill,like
Jonnux,music
Jonnux,help
Jonnux,help
Jonnux,ipad
Jonnux,tablet
Jonnux,touch
Jonnux,different
Jonnux,great
Jonnux,technology
jefferywong,offer
5multifangirls,move
5multifangirls,move
5multifangirls,salute
5multifangirls,love
5multifangirls,support
5multifangirls,movevideo
5multifangirls,preordermove
JustinLover2091,go
JustinLover2091,waitforaminute
JustinLover2091,minute
JustinLover2091,lastkings
SwaaagJustin19,go
nouistrip,go
nouistrip,buyletitgoonitunes
spitfire_fz,free
spitfire_fz,join
spitfire_fz,csrracing
IonescuEmanuel,free
IonescuEmanuel,csrclassics
BelieveeSuper,waitforaminute
BelieveeSuper,waitforaminute
BelieveeSuper,holdtight
cherryvato,go
cherryvato,waitforaminute
cherryvato,minute
cherryvato,lastkings
cherryvato,song
cherryvato,clubsmash
mycanadianboyy_,waitforaminute
mycanadianboyy_,holdtight
mycanadianboyy_,holdtight
Zaid_AlMadridi,ios
sobelieber,waitforaminute
thirlhoran,move
thirlhoran,move
thirlhoran,salute
LSBaidan,go
LSBaidan,tight
LSBaidan,lyricsthatneedtobeshouted
LSBaidan,holdtightonitunes
gossettBRIAN,company
gossettBRIAN,blackberry
RebelEWilson,free
RebelEWilson,make
RebelEWilson,top
swaggy_x3,waitforaminute
swaggy_x3,song
tnklou,together
Nefriama_,waitforaminute
Nefriama_,waitforaminute
Nefriama_,holdtight
Nefriama_,song
Nefriama_,clubsmash
dnasoftwareuk,machine
dnasoftwareuk,software
dnasoftwareuk,filemaker
belieber_1619,go
belieber_1619,waitforaminute
belieber_1619,waitforaminute
belieber_1619,minute
belieber_1619,lastkings
belieber_1619,song
belieber_1619,song
belieber_1619,clubsmash
DoctorKidrauhlx,waitforaminute
DoctorKidrauhlx,song
DoctorKidrauhlx,clubsmash
mobilebloom,cover
mobilebloom,like
mobilebloom,touch
justcallmejuvy,waitforaminute
justcallmejuvy,holdtight
ppanah,offer
AshLeeee_LC,waitforaminute
AshLeeee_LC,song
tanzztj,free
tanzztj,csrclassics
kasek,much
TinaBajri,need
TinaBajri,go
TinaBajri,waitforaminute
TinaBajri,top
TinaBajri,filmfridays
albano_toska,waitforaminute
albano_toska,song
albano_toska,clubsmash
heyitspitts,go
heyitspitts,go
heyitspitts,go
heyitspitts,go
djtano1987,free
djtano1987,csrclassics
Originalhib,waitforaminute
Originalhib,song
Originalhib,clubsmash
gabemarcus,free
gabemarcus,csrclassics
leighfab,move
leighfab,move
leighfab,salute
emilyfreedom91,way
emilyfreedom91,need
emilyfreedom91,language
emilyfreedom91,language
emilyfreedom91,osx
harryblack81,education
harryblack81,education
harryblack81,italian
harryblack81,mac
harryblack81,backtoschool
indanabila,minute
KyleRadioNOW,talk
KyleRadioNOW,ready
KyleRadioNOW,roll
KyleRadioNOW,farm
KyleRadioNOW,right
KyleRadioNOW,pie
AlexiaLafon,waitforaminute
AlexiaLafon,holdtight
NikiBernier,help
NikiBernier,week
NikiBernier,smurfsvillage
kidraulhbieb,go
kidraulhbieb,waitforaminute
kidraulhbieb,waitforaminute
kidraulhbieb,holdtight
kidraulhbieb,minute
kidraulhbieb,lastkings
zucky_oconner,like
zucky_oconner,holdtight
zucky_oconner,musicmondays
zucky_oconner,newmusic
fefipepy,like
fefipepy,go
fefipepy,holdtight
fefipepy,holdtight
fefipepy,musicmondays
fefipepy,newmusic
sillynonsense,fiction
francislepcha4,music
francislepcha4,waitforaminute
francislepcha4,waitforaminute
francislepcha4,holdtight
francislepcha4,foreword
francislepcha4,underdog
francislepcha4,winning
LisaShalek,dirty
drewvelvett,waitforaminute
drewvelvett,holdtight
paula1_d,beautiful
rahmatkl,free
rahmatkl,csrclassics
reese015,thing
reese015,record
ceciprado1,till
KidrauhlSmile21,waitforaminute
abel_aldila,freemusic
dylan_michael21,orange
LovaticEmblems,together
SyamaMishra,thing
SyamaMishra,record
donikafetahu,go
donikafetahu,waitforaminute
donikafetahu,waitforaminute
donikafetahu,holdtight
donikafetahu,tight
donikafetahu,lyricsthatneedtobeshouted
donikafetahu,holdtightonitunes
donikafetahu,song
MobileWorxs,important
emden_marina,waitforaminute
emden_marina,song
emden_marina,clubsmash
HeinzLina,go
HeinzLina,tight
HeinzLina,lyricsthatneedtobeshouted
HeinzLina,holdtightonitunes
btrskidrauhl,waitforaminute
btrskidrauhl,song
btrskidrauhl,clubsmash
StayWithSelena,like
StayWithSelena,slowdown
IamBelieber_J,go
IamBelieber_J,holdtight
IamBelieber_J,holdtight
IamBelieber_J,holdtight
IamBelieber_J,musicmondays
IamBelieber_J,number
IamBelieber_J,number
IamBelieber_J,number
IamBelieber_J,see
IamBelieber_J,believemovie
WarrDinaa,waitforaminute
WarrDinaa,holdtight
belieb_dreams,music
belieb_dreams,waitforaminute
SEOtters,art
SEOtters,wordplay
FannyCanto,go
juicy_bishh,hard
juicy_bishh,camel
Paola_Hinojosa1,waitforaminute
Paola_Hinojosa1,waitforaminute
Paola_Hinojosa1,song
circlesquare_uk,notnews
SofiaBM98,waitforaminute
SofiaBM98,holdtight
collinsdj32,way
collinsdj32,dailyquote
loveariana25,game
loveariana25,color
loveariana25,color
loveariana25,lovin
iKidralieber,music
iKidralieber,waitforaminute
ChrisSpillane,ipad
ChrisSpillane,good
ChrisSpillane,morning
proudbiebes,go
proudbiebes,waitforaminute
proudbiebes,minute
proudbiebes,lastkings
proudbiebes,song
proudbiebes,clubsmash
LordMurrayBitch,go
LordMurrayBitch,minute
LordMurrayBitch,lastkings
gio_elo,move
gio_elo,move
gio_elo,salute
lcdtvcheapss,end
lcdtvcheapss,market
UltraLinx,please
happy_boy777,free
happy_boy777,csrclassics
swagdopebieber,go
swagdopebieber,waitforaminute
swagdopebieber,minute
swagdopebieber,lastkings
swagdopebieber,song
sevde55085557,move
sevde55085557,move
sevde55085557,salute
TheycallmeNIQUE,pie
TheycallmeNIQUE,feeling
amirarosli,food
bieber_versace,waitforaminute
bieber_versace,song
bieber_versace,clubsmash
Nunn4MeNunn4You,great
DianeGomes14,waitforaminute
DianeGomes14,song
DianeGomes14,clubsmash
TantaNobel,thin
TantaNobel,glass
TantaNobel,tiger
TantaNobel,group
hunt_lane58,way
hunt_lane58,freemusic
hunt_lane58,freemusic
esmedisgrace,much
esmedisgrace,expert
elisaperezpalac,waitforaminute
mxili_,open
mxili_,question
mxili_,paper
Tramiiepoo,ever
Tramiiepoo,garden
Opsdemetriia,go
LisaJMFx3,till
I3U_Kidrauhl,go
I3U_Kidrauhl,waitforaminute
I3U_Kidrauhl,tight
I3U_Kidrauhl,lyricsthatneedtobeshouted
I3U_Kidrauhl,holdtightonitunes
I3U_Kidrauhl,song
I3U_Kidrauhl,clubsmash
Naqib_Apple,damn
Naqib_Apple,give
NowInGaming,gold
yustein,school
yustein,cook
yustein,board
BlkMarketWoman,responsible
BlkMarketWoman,almost
LovaticVienna,go
Adri_Bieber97,waitforaminute
Adri_Bieber97,waitforaminute
Adri_Bieber97,holdtight
Adri_Bieber97,song
Adri_Bieber97,clubsmash
CupCakes8D,use
CupCakes8D,week
CupCakes8D,smurfsvillage
nooreldeen5655,free
nooreldeen5655,csrclassics
UKRidaz,makavelitrained
UKRidaz,ukrap
Gabykarolyne,waitforaminute
Gabykarolyne,holdtight
ells_louise,open
ells_louise,beautiful
ells_louise,see
ells_louise,dark
PissedinNYC,book
JB_chocNDkiss,waitforaminute
JB_chocNDkiss,song
leacrusey,responsible
leacrusey,almost
Passttk,every
Passttk,free
Passttk,csrclassics
Passttk,level
ManuelaFreem79,great
ManuelaFreem79,language
ManuelaFreem79,education
ManuelaFreem79,education
ManuelaFreem79,mac
ManuelaFreem79,backtoschool
ManuelaFreem79,learning
ManuelaFreem79,chinese
ManuelaFreem79,easy
kiwamuasai,responsible
kiwamuasai,almost
wjl1962,mpoints
wjl1962,mpoints
wjl1962,spindaslots
wjl1962,flipdacoin
JJUJWorld,way
JJUJWorld,beautiful
JJUJWorld,beautiful
tylershaw77,happy
tylershaw77,voice
TheAppleBuzz,special
amonicadiny,like
amonicadiny,go
amonicadiny,holdtight
amonicadiny,holdtight
amonicadiny,holdtight
amonicadiny,musicmondays
amonicadiny,musicmondays
amonicadiny,musicmondays
amonicadiny,newmusic
amonicadiny,love
amonicadiny,room
amonicadiny,turn
amonicadiny,word
horanlwwy,waitforaminute
horanlwwy,holdtight
summy96,week
jxxsusyxxe,mountain
jxxsusyxxe,mountain
jxxsusyxxe,smurfvillage
RebecaLara97,tomorrow
RebecaLara97,make
RebecaLara97,watch
bianca_loves98,love
bianca_loves98,able
bianca_loves98,foreword
JOEiOS,ios
JOEiOS,offer
JOEiOS,joemacintosh
mj41557284,free
mj41557284,csrclassics
Elmedina_Zeqiri,waitforaminute
Elmedina_Zeqiri,holdtight
hsheikh,smurfsvillage
hsheikh,love
hsheikh,blue
hsheikh,blue
hsheikh,hanging
aliyyakalhafizh,go
aliyyakalhafizh,holdtight
aliyyakalhafizh,musicmondays
aliyyakalhafizh,room
aliyyakalhafizh,turn
aliyyakalhafizh,word
urandrod,special
PerfectlyJDB,go
PerfectlyJDB,waitforaminute
PerfectlyJDB,holdtight
PerfectlyJDB,minute
PerfectlyJDB,lastkings
giusy_biebs,waitforaminute
giusy_biebs,holdtight
5secsofddljdb,waitforaminute
bieberingdrews,go
bieberingdrews,holdtight
bieberingdrews,musicmondays
bieberingdrews,room
bieberingdrews,turn
bieberingdrews,word
1DChiary,move
1DChiary,move
1DChiary,salute
LilianaARPais,go
LilianaARPais,waitforaminute
LilianaARPais,holdtight
LilianaARPais,put
rishhado,move
rishhado,move
rishhado,salute
vannadestine,go
vannadestine,minute
vannadestine,lastkings
beeelieebers,go
beeelieebers,waitforaminute
beeelieebers,holdtight
beeelieebers,holdtight
beeelieebers,musicmondays
beeelieebers,room
beeelieebers,turn
beeelieebers,word
myidolftme,waitforaminute
Alzenahening,store
larryfreeman63,education
larryfreeman63,education
larryfreeman63,italian
larryfreeman63,mac
larryfreeman63,languages
demery_elise,waitforaminute
demery_elise,song
JaeBarz_TIU,right
JaeBarz_TIU,right
JaeBarz_TIU,right
JaeBarz_TIU,right
JaeBarz_TIU,right
JaeBarz_TIU,right
JaeBarz_TIU,right
JaeBarz_TIU,right
JaeBarz_TIU,right
JaeBarz_TIU,right
JaeBarz_TIU,right
JaeBarz_TIU,tiutuesday
JaeBarz_TIU,tiutuesday
JaeBarz_TIU,tiutuesday
JaeBarz_TIU,tiutuesday
JaeBarz_TIU,tiutuesday
JaeBarz_TIU,tiutuesday
JaeBarz_TIU,tiutuesday
JaeBarz_TIU,tiutuesday
JaeBarz_TIU,tiutuesday
JaeBarz_TIU,tiutuesday
JaeBarz_TIU,tiutuesday
JaeBarz_TIU,tiumuzic
JaeBarz_TIU,tiumuzic
JaeBarz_TIU,tiumuzic
JaeBarz_TIU,tiumuzic
JaeBarz_TIU,tiumuzic
JaeBarz_TIU,tiumuzic
JaeBarz_TIU,tiumuzic
JaeBarz_TIU,tiumuzic
JaeBarz_TIU,tiumuzic
JaeBarz_TIU,tiumuzic
JaeBarz_TIU,tiumuzic
jarryfeelings,move
jarryfeelings,move
jarryfeelings,salute
Dii_Cruz,buywaitforaminuteonitunes
Fangirl_lol,waitforaminute
Fangirl_lol,holdtight
PeloNeymarJr,go
KatieCelf,ipad
KatieCelf,learning
66_leslie,waitforaminute
66_leslie,holdtight
ddlpromise,buyletitgoonitunes
ddlpromise,buyletitgoonitunes
ddlpromise,buyletitgoonitunes
ddlpromise,buyletitgoonitunes
ddlpromise,letitgo
ddlpromise,letitgo
ddlpromise,letitgo
ddlpromise,letitgo
giannatroia,waitforaminute
giannatroia,song
giannatroia,clubsmash
Bieber2000Laura,waitforaminute
Bieber2000Laura,holdtight
nitishsd,black
nitishsd,mine
FacebombApp,facebomb
143Lala,smurfsvillage
143Lala,space
iplante,special
mamacias30,smurfsvillage
mamacias30,space
mamacias30,take
Stocks_Options_,year
gliceswagstyle,holdtight
areTRENDY_Songs,make
areTRENDY_Songs,ready
areTRENDY_Songs,love
JustKidrauhls,waitforaminute
JustKidrauhls,waitforaminute
JustKidrauhls,holdtight
JustKidrauhls,song
JustKidrauhls,clubsmash
BlazinChew,happy
BlazinChew,voice
chapitzulkefli,news
chapitzulkefli,news
chapitzulkefli,store
chapitzulkefli,shut
leeza_mc,way
leeza_mc,beautiful
leeza_mc,beautiful
EveeMahone,way
EveeMahone,beautiful
EveeMahone,beautiful
DavidChapman11,use
DavidChapman11,week
DavidChapman11,smurfsvillage
McGrady69,free
McGrady69,csrclassics
KasiaBieberowa,waitforaminute
KasiaBieberowa,waitforaminute
KasiaBieberowa,holdtight
KasiaBieberowa,song
KasiaBieberowa,clubsmash
lahuy10,stop
lahuy10,moose
kevwright,like
kevwright,look
karina226,fiction
jbftoned,holdtight
RogThe,back
RogThe,theminutes
DanniRenee1997,way
DanniRenee1997,beautiful
DanniRenee1997,beautiful
PerrywoodGarden,pie
PerrywoodGarden,special
PerrywoodGarden,vegetable
PerrywoodGarden,nationalappleday
ba7rania95,free
ba7rania95,csrclassics
Kidrauhl_186,waitforaminute
Kidrauhl_186,waitforaminute
Kidrauhl_186,waitforaminute
Kidrauhl_186,holdtight
Kidrauhl_186,song
gagaspiercing,song
gagaspiercing,number
gagaspiercing,copy
gagaspiercing,dowhatuwant
gagaspiercing,indonesia
howneonlights,buyletitgoonitunes
howneonlights,buyletitgoonitunes
howneonlights,buyletitgoonitunes
howneonlights,buyletitgoonitunes
howneonlights,buyletitgoonitunes
howneonlights,buyletitgoonitunes
howneonlights,buyletitgoonitunes
howneonlights,buyletitgoonitunes
howneonlights,buyletitgoonitunes
howneonlights,letitgo
howneonlights,letitgo
howneonlights,letitgo
howneonlights,letitgo
howneonlights,letitgo
howneonlights,letitgo
howneonlights,letitgo
howneonlights,letitgo
howneonlights,letitgo
becstr1998,way
becstr1998,beautiful
becstr1998,beautiful
ZornitsaEdwards,go
ZornitsaEdwards,waitforaminute
ZornitsaEdwards,holdtight
ZornitsaEdwards,tight
ZornitsaEdwards,lyricsthatneedtobeshouted
ZornitsaEdwards,holdtightonitunes
aswinyogesh,like
aswinyogesh,stone
11_Ivona,till
467News,ipad
467News,cover
467News,touch
467News,may
x_x_Directioner,movevideo
x_x_Directioner,preordermove
InkedUpCarlos,app
ninemilli_,fuck
rachiieshaw,way
rachiieshaw,beautiful
rachiieshaw,beautiful
leahmariehyde,way
leahmariehyde,beautiful
leahmariehyde,beautiful
oneduhl,way
oneduhl,way
oneduhl,beautiful
oneduhl,beautiful
oneduhl,beautiful
oneduhl,beautiful
bpulsetech,tech
bpulsetech,month
bpulsetech,bpulse
ttoobb59,waitforaminute
ttoobb59,song
ttoobb59,clubsmash
hipstahddl,go
MichelleeAdella,move
MichelleeAdella,move
MichelleeAdella,salute
ILovetheBiebs03,waitforaminute
ILovetheBiebs03,holdtight
BelieberRuzica,waitforaminute
BelieberRuzica,song
BelieberRuzica,clubsmash
deenzbeanz,please
stephenbarnesjr,responsible
stephenbarnesjr,almost
gainifollowers,free
gainifollowers,make
gainifollowers,top
dpinac,smurfsvillage
dpinac,space
dpinac,take
picassomatin,food
dianajazmyn,waitforaminute
dianajazmyn,song
dianajazmyn,clubsmash
r55431,move
DEANODEANN,itunes
simplepc,look
itsmesiena,need
itsmesiena,window
itsmesiena,system
XandVenturas,like
XandVenturas,news
XandVenturas,good
XandVenturas,watch
state0fdreams,love
Sweetie_Cat69,waitforaminute
Sweetie_Cat69,song
Sweetie_Cat69,clubsmash
nikkilightwood,go
nikkilightwood,waitforaminute
nikkilightwood,tight
nikkilightwood,lyricsthatneedtobeshouted
nikkilightwood,holdtightonitunes
artpop_baby,keep
artpop_baby,dowhatuwant
FNuttavit,free
FNuttavit,free
FNuttavit,csrclassics
FNuttavit,csrclassics
Sartan12,use
Sartan12,sign
rimininajixo,way
rimininajixo,beautiful
rimininajixo,beautiful
Nitejob,use
Nitejob,card
Nitejob,fantasica
applenewsteam2,fact
SantanaBonita33,go
livlovebelieve,go
livlovebelieve,waitforaminute
livlovebelieve,waitforaminute
livlovebelieve,minute
livlovebelieve,lastkings
livlovebelieve,song
livlovebelieve,song
livlovebelieve,clubsmash
Jewminatti,support
Jewminatti,support
Jewminatti,itunes
Jewminatti,single
Jewminatti,shesaycaligraphy
Jewminatti,thegreatestwriteralive
oceanshaman,design
oceanshaman,may
oceanshaman,star
jubi01031994,waitforaminute
jubi01031994,holdtight
zarina_ollg,waitforaminute
arkaysthoughts,month
arkaysthoughts,face
arkaysthoughts,pocket
Erma_xjgs,store
Erma_xjgs,point
adoredbybieber,waitforaminute
adoredbybieber,song
adoredbybieber,clubsmash
applenewsteam6,fact
TazeenNaseem,waitforaminute
TazeenNaseem,holdtight
AlPayneEnt,offer
benchapman123,air
benchapman123,put
benchapman123,jelly
benchapman123,smell
UnionJ_Lucyy,way
UnionJ_Lucyy,beautiful
UnionJ_Lucyy,beautiful
UnionJ_Lucyy,beautiful
ggeeoo1,market
iamwilloldham,applegeek
ZedCicero,news
ZedCicero,move
ZedCicero,much
ZedCicero,zambia
tselliot3,bite
DeniseWhite93,osx
DeniseWhite93,education
DeniseWhite93,education
DeniseWhite93,learning
DeniseWhite93,learning
DeniseWhite93,chinese
DeniseWhite93,retweet
DeniseWhite93,macbook
DeniseWhite93,edtech
PerrieLMixers,way
PerrieLMixers,beautiful
PerrieLMixers,beautiful
BriannaNic0lee,go
BriannaNic0lee,holdtight
BriannaNic0lee,minute
BriannaNic0lee,lastkings
BriannaNic0lee,right
BriannaNic0lee,well
BriannaNic0lee,filmfriday
AtheerAbdullahM,go
AtheerAbdullahM,see
RandomInterBot,love
RandomInterBot,page
bhatnaturally,game
saylorpace,waitforaminute
ImJimDanger,help
ImJimDanger,word
MaryMacN,right
SophiQuijada,go
SophiQuijada,waitforaminute
SophiQuijada,tight
SophiQuijada,lyricsthatneedtobeshouted
SophiQuijada,holdtightonitunes
SophiQuijada,song
spikeyspud,like
futureeOLLGmx,waitforaminute
futureeOLLGmx,waitforaminute
futureeOLLGmx,holdtight
futureeOLLGmx,song
secutebieber,waitforaminute
secutebieber,song
kasim__msabe7y,free
kasim__msabe7y,csrclassics
Project_Bieber_,go
Project_Bieber_,holdtight
Project_Bieber_,musicmondays
Project_Bieber_,room
Project_Bieber_,turn
Project_Bieber_,word
SamanthaYik,waitforaminute
SamanthaYik,holdtight
rashedfarooq,responsible
rashedfarooq,almost
mandbeck,long
mandbeck,littlefavour
mandbeck,benedictcumber
hanisaad087,sonicdash
belieb4life111,waitforaminute
Marionren,damn
Marionren,give
loveSmiIeJB,waitforaminute
loveSmiIeJB,song
adrnzm,need
karlameixueiro,smurfsvillage
Ashuwrites,every
Ashuwrites,bite
Ashuwrites,part
MusicVideos8,go
VikicaBieber,waitforaminute
VikicaBieber,holdtight
DeniseMcFaril,osx
DeniseMcFaril,education
DeniseMcFaril,education
DeniseMcFaril,learning
DeniseMcFaril,learning
DeniseMcFaril,learning
DeniseMcFaril,edtech
DeniseMcFaril,well
DeniseMcFaril,start
dana_marie26,happy
asma4NK,smurfsvillage
asma4NK,part
asma4NK,healthy
SamanthaAllen_3,fall
SamanthaAllen_3,butter
nlutta,tomorrow
nlutta,watch
PeldonRoseInn,pie
PeldonRoseInn,taste
PeldonRoseInn,nationalapplepieday
iamjamjang,way
iamjamjang,beautiful
iamjamjang,beautiful
AmazingLouis1D,store
ahashim,help
ahashim,like
ahashim,keynote
ahashim,stevejobs
_niallsbabygurl,beautiful
sweetcarob,way
sweetcarob,smurfsvillage
Tanja_Ingman,go
Tanja_Ingman,waitforaminute
Tanja_Ingman,holdtight
Tanja_Ingman,holdtight
Tanja_Ingman,holdtight
Tanja_Ingman,holdtight
Tanja_Ingman,song
Tanja_Ingman,right
Tanja_Ingman,well
Tanja_Ingman,filmfriday
Tanja_Ingman,little
Tanja_Ingman,work
best_of_english,waitforaminute
best_of_english,waitforaminute
best_of_english,song
1D_ft_JustinB,waitforaminute
1D_ft_JustinB,holdtight
Q1223,app
vanya_belieber,waitforaminute
vanya_belieber,holdtight
JennyMcbee79,osx
JennyMcbee79,education
JennyMcbee79,education
JennyMcbee79,mac
JennyMcbee79,hard
JennyMcbee79,learning
JennyMcbee79,learning
JennyMcbee79,edtech
JennyMcbee79,spanish
lilleonx,use
lilleonx,card
lilleonx,fantasica
dem411,smurfsvillage
dem411,island
AishahAlejandro,like
AishahAlejandro,run
AlyssaMaeTupas,waitforaminute
AlyssaMaeTupas,song
Jay_Perez08,offer
_otherone,special
_otherone,excited
koroayn,every
koroayn,free
koroayn,csrclassics
koroayn,level
nikkijadeee,like
nikkijadeee,watch
nikkijadeee,normal
swagpoha,go
swagpoha,waitforaminute
swagpoha,waitforaminute
swagpoha,waitforaminute
swagpoha,holdtight
swagpoha,holdtight
swagpoha,song
swagpoha,song
swagpoha,clubsmash
swagpoha,filmfridays
swagpoha,believemovie
myo_thu,free
myo_thu,csrclassics
UJ_RF,way
UJ_RF,beautiful
UJ_RF,beautiful
drewavonsteps,waitforaminute
nishapra,copy
nishapra,workbxxch
BrandonMBruno,like
BrandonMBruno,codemash
UndrgrndDonuts,good
UndrgrndDonuts,morning
UndrgrndDonuts,back
UndrgrndDonuts,drexel
UndrgrndDonuts,donut
ehadsbeauty,technology
ChloeG_PR,blue
ChloeG_PR,lead
ChloeG_PR,place
SimoneBachmann8,osx
SimoneBachmann8,education
SimoneBachmann8,education
SimoneBachmann8,italian
SimoneBachmann8,learning
SimoneBachmann8,learning
SimoneBachmann8,learning
SimoneBachmann8,edtech
AnaguidaDias,waitforaminute
AnaguidaDias,song
jeliebershearts,waitforaminute
jeliebershearts,holdtight
codyallencaudil,free
codyallencaudil,week
codyallencaudil,smurfsvillage
nrichford,soup
wtfspider,go
mikuta92,free
mikuta92,csrclassics
Jvo_thegreat,well
ehadsfashion,technology
_Lilonizarry_,way
_Lilonizarry_,beautiful
_Lilonizarry_,beautiful
xinyinok_,cut
ehadsentertain,technology
kadacki,free
kadacki,like
kadacki,xtremeslots
TheeRealDestiny,tech
TheeRealDestiny,need
ehadshealth,technology
paynesnugget,good
paynesnugget,together
KidrauhlSpirit,waitforaminute
KidrauhlSpirit,make
KidrauhlSpirit,song
KidrauhlSpirit,clubsmash
KidrauhlSpirit,waitaminute
ehadsgossip,entertainment
chelseakboyd,face
chelseakboyd,bit
chelseakboyd,lip
chelseakboyd,ohioprobs
iheartbieber_69,waitforaminute
iheartbieber_69,waitforaminute
iheartbieber_69,waitforaminute
iheartbieber_69,holdtight
iheartbieber_69,song
iheartbieber_69,clubsmash
Gloriasanchez57,beautiful
Gloriasanchez57,well
Gloriasanchez57,little
KarenSimpson723,free
KarenSimpson723,design
KarenSimpson723,design
KarenSimpson723,level
KarenSimpson723,house
KarenSimpson723,designthishome
UnionJ_Poland_,way
UnionJ_Poland_,beautiful
UnionJ_Poland_,beautiful
NelsonFrances1,way
NelsonFrances1,among
AriadnaCervJ,go
AriadnaCervJ,waitforaminute
AriadnaCervJ,waitforaminute
AriadnaCervJ,holdtight
AriadnaCervJ,tight
AriadnaCervJ,lyricsthatneedtobeshouted
AriadnaCervJ,holdtightonitunes
IReadyMarketing,minute
IReadyMarketing,minute
getbrice,business
WLTX,clear
WLTX,appletv
andreaortiz87,smurfsvillage
andreaortiz87,space
mafiosomrnice,music
mafiosomrnice,music
mafiosomrnice,minute
mafiosomrnice,minute
mafiosomrnice,itunes
mafiosomrnice,download
marlalalu,go
thasyabelieber1,waitforaminute
thasyabelieber1,holdtight
Pri_Swag,waitforaminute
Pri_Swag,song
MissRushForUJ,way
MissRushForUJ,beautiful
MissRushForUJ,beautiful
IBTimesScience,may
IBTimesScience,limit
IBTimesScience,early
RDH01,every
RDH01,free
RDH01,csrclassics
RDH01,level
spektakulaer,westillhavealottocover
lauraernaz,free
lauraernaz,csrclassics
selenatifully,waitforaminute
selenatifully,holdtight
Bieber_LoveJDB,waitforaminute
Bieber_LoveJDB,song
gibba68,responsible
gibba68,almost
PapinSerezha,free
PapinSerezha,csrclassics
rami_ka98,waitforaminute
rami_ka98,holdtight
taniachenTC,go
taniachenTC,waitforaminute
taniachenTC,waitforaminute
taniachenTC,holdtight
taniachenTC,holdtight
taniachenTC,tight
taniachenTC,lyricsthatneedtobeshouted
taniachenTC,holdtightonitunes
taniachenTC,song
Agatoune,move
Agatoune,move
Agatoune,salute
_tomlinson17,hard
_tomlinson17,store
_larryshug_,holdtight
secutestrauhl,waitforaminute
secutestrauhl,holdtight
arabic_1,tweepr
arabic_1,tweepr
knowdlovato,go
3zozAlsrhan,free
3zozAlsrhan,csrclassics
HTappakdee26,free
HTappakdee26,make
livviestyles212,open
livviestyles212,beautiful
livviestyles212,see
livviestyles212,dark
ProlificMgmt,great
ProlificMgmt,song
ProlificMgmt,work
Ana_Yataco,move
Ana_Yataco,move
Ana_Yataco,salute
IndieWirks,go
KeepCalmiDGAF,like
KeepCalmiDGAF,pussy
KeepCalmiDGAF,sweet
TheSkyBoat,news
TheSkyBoat,news
TheSkyBoat,breaking
TheSkyBoat,info
TheSkyBoat,worldaffairs
TheSkyBoat,stayinformed
marinaohh,waitforaminute
marinaohh,song
nellygf74,smurfsvillage
nellygf74,part
nellygf74,healthy
Ohnoitsbieber_,waitforaminute
Ohnoitsbieber_,song
Ohnoitsbieber_,clubsmash
joshuadfishman,responsible
joshuadfishman,almost
Niggaz77Niggaz7,free
Niggaz77Niggaz7,csrclassics
Deyari_K18,waitforaminute
Deyari_K18,song
xswaagbiebs,waitforaminute
xswaagbiebs,holdtight
Sheeranismypoet,way
Sheeranismypoet,beautiful
Sheeranismypoet,beautiful
AyeBee_me,responsible
AyeBee_me,almost
funkiestheart,come
funkiestheart,true
CoreyDylan22,morning
CoreyDylan22,howyoudoin
FlyhardMahone,like
_JuniorBO,every
_JuniorBO,free
_JuniorBO,csrclassics
_JuniorBO,level
teamsatsLatinA,hope
teamsatsLatinA,satsonlivelounge
teamsatsLatinA,discolove
neucity,cover
neucity,cover
neucity,free
neucity,star
neucity,clear
neucity,pin
ShanD4JustinB,ever
ShanD4JustinB,go
ShanD4JustinB,holdtight
ShanD4JustinB,holdtight
ShanD4JustinB,musicmondays
ShanD4JustinB,love
ShanD4JustinB,take
ShanD4JustinB,head
mahendar_b,responsible
mahendar_b,almost
purplesupra_JB,go
purplesupra_JB,waitforaminute
purplesupra_JB,holdtight
purplesupra_JB,song
purplesupra_JB,clubsmash
MillieeRosee_xo,happy
amariaramirez75,game
amariaramirez75,smurfsvillage
amariaramirez75,fall
priddy9055,smurfsvillage
priddy9055,love
priddy9055,blue
priddy9055,blue
priddy9055,hanging
Y100SanAntonio,play
Y100SanAntonio,morning
Y100SanAntonio,yes
tereza1421,waitforaminute
tereza1421,waitforaminute
tereza1421,holdtight
KellyKelly_NEWs,song
hernan0982,game
hernan0982,smurfsvillage
hernan0982,place
hernan0982,berry
littleCaNonball,move
littleCaNonball,move
littleCaNonball,salute
Baklund_72145,approval
Baklund_72145,sheep
julia4788,waitforaminute
julia4788,holdtight
batista_amneris,watch
batista_amneris,blurredlines
zakaria_010,free
zakaria_010,join
zakaria_010,csrracing
Mrs_Maam,freemusic
Mrs_Maam,freemusic
Mrs_Maam,freemusic
heatbreakuuur,waitforaminute
meli_boo_0203,like
meli_boo_0203,store
vulpehollow,market
ImpeccableNarry,go
ImpeccableNarry,minute
ImpeccableNarry,lastkings
jkrolicki2,free
jkrolicki2,week
jkrolicki2,smurfsvillage
to_Fom,smile
to_Fom,smile
to_Fom,lego
to_Fom,minifigures
to_Fom,legominifigures
to_Fom,macmini
to_Fom,rock
to_Fom,punk
to_Fom,gingerbread
classybiebs_,go
classybiebs_,waitforaminute
classybiebs_,minute
classybiebs_,lastkings
classybiebs_,song
EnricaCuore,beautiful
EnricaCuore,well
EnricaCuore,little
JasmineKaye2,waitforaminute
JasmineKaye2,song
Belabebeta,free
Belabebeta,castle
Literology,technology
kimberlismichee,waitforaminute
kimberlismichee,holdtight
daveherringme,record
daveherringme,book
heartcarebear,go
breanna0430,go
breanna0430,minute
breanna0430,lastkings
squirtmccall,white
squirtmccall,long
squirtmccall,fucking
CCg1023,door
Wnodnii,company
_Tiana91,green
_Tiana91,straight
_Tiana91,freshlypicked
Arthur_Ind,space
Arthur_Ind,grey
Arthur_Ind,test
DaniiPazUrrutia,go
DaniiPazUrrutia,minute
DaniiPazUrrutia,lastkings
Mariahh_Medinaa,waitforaminute
Mariahh_Medinaa,song
Mariahh_Medinaa,clubsmash
juuditsalvador,waitforaminute
juuditsalvador,holdtight
michelleatchley,smurfsvillage
michelleatchley,space
EmmaLK24,move
EmmaLK24,move
EmmaLK24,salute
laurabecker96,move
laurabecker96,move
laurabecker96,salute
lovelylizabeth_,waitforaminute
Badison_NYC,book
lebret_marie,move
lebret_marie,move
lebret_marie,salute
dmvsno1slim,old
dmvsno1slim,school
SINNA22,way
SINNA22,smurfsvillage
dudaadrew_,waitforaminute
dudaadrew_,song
dudaadrew_,clubsmash
havens_s,waitforaminute
havens_s,song
fansdemiles,way
fansdemiles,beautiful
fansdemiles,beautiful
fuckgsykes,wordofmouth
AggregatorTech,news
termase,tech
termase,gadgets
ThatLady15,together
13_mina,waitforaminute
13_mina,holdtight
j0vip,company
chezsteve,son
JustMaria__,waitforaminute
JustMaria__,holdtight
linkonmandali,go
JennLouv,waitforaminute
JennLouv,song
JennLouv,clubsmash
GirlyBieberFun,foreword
PallidPrince,go
PallidPrince,waitforaminute
PallidPrince,holdtight
PallidPrince,holdtight
PallidPrince,musicmondays
PallidPrince,room
PallidPrince,turn
PallidPrince,word
AlesKrajcik,free
AlesKrajcik,csrclassics
jdbsprfx,waitforaminute
jdbsprfx,make
jdbsprfx,love
Piojo98Rossi,movevideo
Piojo98Rossi,preordermove
Nicoleloveollie,way
Nicoleloveollie,beautiful
Nicoleloveollie,beautiful
JayExcellence,ice
JayExcellence,cream
JayExcellence,lunch
Lousy_Lawyer,rule
lauraa_burger,store
lauraa_burger,store
TheHaltertops,love
TheHaltertops,laboroflove
amanda31437654,waitforaminute
amanda31437654,song
amanda31437654,clubsmash
_themaac,waitforaminute
_themaac,waitforaminute
_themaac,song
_themaac,clubsmash
29thofoctober,waitforaminute
29thofoctober,song
29thofoctober,clubsmash
29thofoctober,buywaitforaminuteonitunes
29thofoctober,buyholdtightghtonitunes
AlfianMegaloman,every
AlfianMegaloman,free
AlfianMegaloman,csrclassics
AlfianMegaloman,level
javierauditor,free
javierauditor,week
javierauditor,smurfsvillage
thomasmark93,wank
EllieJo_Smith,make
EllieJo_Smith,place
JTruth22,responsible
JTruth22,almost
luckenbooth81,news
luckenbooth81,sky
luckenbooth81,morning
luckenbooth81,blue
luckenbooth81,sun
luckenbooth81,spoileralert
ssum_k,shinee
ssum_k,everybody
Harry_SBungalow,way
Harry_SBungalow,beautiful
Harry_SBungalow,beautiful
ianisperf,waitforaminute
ianisperf,song
ianisperf,clubsmash
DailyInfoBali,balinews
BelieberClarice,waitforaminute
BelieberClarice,song
BelieberClarice,clubsmash
EmanuelPoppa,door
nchalloween,card
nchalloween,ball
nchalloween,skin
nchalloween,sense
nchalloween,pear
Mr_Lexington,tcot
ficx_xcif,free
ficx_xcif,csrclassics
UKMobileSims,news
romns911,free
romns911,send
zomg_its_leah,beautiful
zomg_its_leah,bridge
MarilouBiebs,go
MarilouBiebs,minute
MarilouBiebs,lastkings
Anggunfhe,waitforaminute
Anggunfhe,holdtight
jameshobson,play
jameshobson,place
KnowYourMobile,sharp
Ivsidh,move
Ivsidh,move
Ivsidh,salute
rajupp,watch
rajupp,guide
GregetM,waitforaminute
LoriODay,tech
karenra39239966,waitforaminute
__KeepYourSmile,waitforaminute
__KeepYourSmile,song
imbulgarian,holdtight
imbulgarian,right
imbulgarian,well
imbulgarian,filmfriday
lilshortymamma4,waitforaminute
lilshortymamma4,waitforaminute
lilshortymamma4,waitforaminute
lilshortymamma4,waitforaminute
lilshortymamma4,holdtight
lilshortymamma4,song
lilshortymamma4,song
lilshortymamma4,clubsmash
CameronGuy2011,move
CameronGuy2011,move
CameronGuy2011,salute
twordscollide,go
ecila_apple,office
obthavariable,together
cindyolive1,music
cindyolive1,writing
mangajunky,use
mangajunky,card
mangajunky,fantasica
Jessykab17,waitforaminute
Stitched,thing
Stitched,record
menpetty4eva,free
menpetty4eva,csrclassics
Jleighwhiting,waitforaminute
Jleighwhiting,holdtight
FinJons20,help
FinJons20,question
FinJons20,test
Hasan_Fayyaz,green
Hasan_Fayyaz,o
sivvr,ipad
biebermoles,holdtight
biebermoles,request
biebermoles,buyholdtightonitunes
localkidrauhl,waitforaminute
localkidrauhl,holdtight
belieber13194,waitforaminute
belieber13194,song
belieber13194,clubsmash
ARTPOPWILLSLAY,dowhatuwant
FajardoRoxana,way
FajardoRoxana,smurfsvillage
_belieberdoll,waitforaminute
_belieberdoll,holdtight
IndriyatiAdilla,minute
Lucaas_Parreira,bear
MartialKCCO,smurfsvillage
MartialKCCO,island
justkyleee,dailyquote
avonsbeliefs,waitforaminute
avonsbeliefs,waitforaminute
avonsbeliefs,holdtight
avonsbeliefs,song
avonsbeliefs,clubsmash
bbrreennddaa13,waitforaminute
bbrreennddaa13,song
bbrreennddaa13,clubsmash
SesiRops,way
SesiRops,long
SesiRops,heartattack
aliyevakbar,free
aliyevakbar,join
aliyevakbar,csrracing
jostever,go
jostever,waitforaminute
jostever,waitforaminute
jostever,waitforaminute
jostever,holdtight
jostever,minute
jostever,lastkings
jostever,song
jostever,song
jostever,clubsmash
Daniela__Danni,way
Daniela__Danni,strange
FredosBiebss,go
FredosBiebss,waitforaminute
FredosBiebss,minute
FredosBiebss,lastkings
FredosBiebss,song
FredosBiebss,clubsmash
RyanMukherjee,roll
RyanMukherjee,long
RyanMukherjee,baptized
Beliebe94102604,waitforaminute
Beliebe94102604,holdtight
PamelaMendoza19,waitforaminute
PamelaMendoza19,song
shineworshipnp,building
shineworshipnp,sound
OvORandy_,much
OvORandy_,fuck
OvORandy_,shit
nilfred89,education
nilfred89,education
nilfred89,mac
nilfred89,backtoschool
nilfred89,german
mia440_mia,waitforaminute
mia440_mia,song
mia440_mia,clubsmash
maria_gascon,midnightmemories
gadgator,full
gadgator,story
MilduraTalks,open
UnluckySuliman,app
Gagand1D,song
Gagand1D,number
Gagand1D,copy
ShoshoHaboleh,waitforaminute
ShoshoHaboleh,holdtight
JB_1D_Cody_,go
JB_1D_Cody_,holdtight
JB_1D_Cody_,musicmondays
JB_1D_Cody_,room
JB_1D_Cody_,turn
JB_1D_Cody_,word
phildmann,house
febyyolasalsa,waitforaminute
febyyolasalsa,song
febyyolasalsa,clubsmash
DylanWise,good
larafc_,way
larafc_,beautiful
larafc_,beautiful
HonakerMelissa,fall
HonakerMelissa,far
HonakerMelissa,tree
Papageorgemiong,use
Papageorgemiong,card
Papageorgemiong,fantasica
JackinJenni,happy
JackinJenni,voice
Labelmars,music
Labelmars,music
Labelmars,itunes
Labelmars,information
djcomeback,newmusic
djcomeback,itunes
djcomeback,money
djcomeback,scb
djcomeback,feelgoodhour
bieber_talented,musicmondays
bramvandeperre,offer
nicolleluvyou12,go
nicolleluvyou12,waitforaminute
nicolleluvyou12,tight
nicolleluvyou12,lyricsthatneedtobeshouted
nicolleluvyou12,holdtightonitunes
nicolleluvyou12,song
nicolleluvyou12,clubsmash
Gary_Daniels,music
Gary_Daniels,go
Gary_Daniels,yes
bmarriner1990,offer
1DWantUBack_,waitforaminute
1DWantUBack_,holdtight
watersonpease,game
watersonpease,smurfsvillage
watersonpease,fall
LittleMatt95,free
LittleMatt95,csrclassics
3bdalla_Rak,free
3bdalla_Rak,csrclassics
septianaxoxo,go
BieberssCake,go
BieberssCake,holdtight
BieberssCake,holdtight
BieberssCake,right
BieberssCake,musicmondays
BieberssCake,room
BieberssCake,turn
BieberssCake,word
BieberssCake,well
BieberssCake,filmfriday
PolconL,fruit
ciastinbibaah,ever
ciastinbibaah,go
ciastinbibaah,holdtight
ciastinbibaah,take
ciastinbibaah,head
believelikehim,go
believelikehim,waitforaminute
believelikehim,minute
believelikehim,lastkings
believelikehim,song
believelikehim,clubsmash
manukyanlevon19,free
manukyanlevon19,csrclassics
kabucey,like
kabucey,look
GenkiGenki,come
0ntarioBieber,buywaitforaminuteonitunes
0ntarioBieber,buyholdtightghtonitunes
_Bieberette01,waitforaminute
_Bieberette01,holdtight
TheGamesUcozRu,rock
TheGamesUcozRu,countrymusic
DrewsRaincoat,waitforaminute
DrewsRaincoat,song
DrewsRaincoat,clubsmash
averagej123,free
averagej123,csrclassics
wowskianss,move
wowskianss,move
wowskianss,salute
William_Siu,responsible
William_Siu,almost
kjfitz17,good
kjfitz17,thing
kjfitz17,responsible
kjfitz17,almost
compre_en_china,white
compre_en_china,black
compre_en_china,red
STWard_Team,girl
STWard_Team,galwaygirlwardfosterandallen
biebercrewlover,go
biebercrewlover,waitforaminute
biebercrewlover,waitforaminute
biebercrewlover,waitforaminute
biebercrewlover,holdtight
biebercrewlover,minute
biebercrewlover,lastkings
biebercrewlover,song
jbsavior,go
jbsavior,waitforaminute
jbsavior,minute
jbsavior,lastkings
jbsavior,song
board_anna,waitforaminute
board_anna,song
board_anna,clubsmash
sunday_story,public
Klikk_Store,come
Klikk_Store,experience
AboudFlipstep,way
AboudFlipstep,long
AboudFlipstep,heartattack
Belieber54700,holdtight
Belieber54700,right
Belieber54700,well
Belieber54700,filmfriday
iambeaster,make
iambeaster,top
iambeaster,yntsly
SirL0fty,offer
Itzshd_,kick
Itzshd_,kick
Itzshd_,second
BagginsBilbeau,end
BagginsBilbeau,comp
stylesmilee,waitforaminute
stylesmilee,holdtight
xavier_gavito,make
xavier_gavito,happy
xavier_gavito,jamiedmj
Dimpleedd,waitforaminute
Dimpleedd,song
Ohsnapitzneelz,morning
Ohsnapitzneelz,make
Ohsnapitzneelz,much
Ohsnapitzneelz,please
Ohsnapitzneelz,love
Ohsnapitzneelz,downloadujbeautifullifenow
halifaxns_rt,waiting
halifaxns_rt,nspoli
halifaxns_rt,cdnpoli
bieberznugget,waitforaminute
bieberznugget,song
richardpolhill,great
richardpolhill,word
xtuio,print
xtuio,ar
ShesOurWorldNow,use
ShesOurWorldNow,card
ShesOurWorldNow,fantasica
hahanggi,waitforaminute
hahanggi,holdtight
matthewvanny,musicmondays
sarahadler106,happy
sarahadler106,voice
angelofkidrauhl,waitforaminute
angelofkidrauhl,song
iamJohnReid,newmusic
iamJohnReid,ice
iamJohnReid,cream
iamJohnReid,icecreameveryday
Doremixer,market
Slowie76,help
Slowie76,hard
Slowie76,yes
Spunkmetria,go
ApathyAlan,shit
ApathyAlan,killthearchitect
FSupavit,free
FSupavit,csrclassics
apple_alexx9,likewhyme
carriebaby77,mountain
carriebaby77,mountain
carriebaby77,smurfvillage
S2JessicaaS2,smurfsvillage
Miss_Moving_On,need
Miss_Moving_On,please
Miss_Moving_On,love
AMAAL_BLACK41,waitforaminute
AMAAL_BLACK41,song
Steven_Friedman,room
Steven_Friedman,watch
Steven_Friedman,comfort
Steven_Friedman,living
plstjp,night
Lea_Maliik,move
Lea_Maliik,move
Lea_Maliik,salute
ChloeKinsley,song
ChloeKinsley,song
ChloeKinsley,please
ChloeKinsley,please
ChloeKinsley,love
ChloeKinsley,love
ChloeKinsley,downloadujbeautifullifenow
ChloeKinsley,downloadujbeautifullifenow
AppleLebanon,special
AppleLebanon,appleinsider
AppleLebanon,cnet
AlexeQuintal,move
AlexeQuintal,move
AlexeQuintal,salute
sametarslan_,gunnerz
p3rlaaaa,app
will_gomes1,go
will_gomes1,song
will_gomes1,week
will_gomes1,lovatics
paag_08,way
paag_08,beautiful
paag_08,beautiful
Svetlio1,free
Svetlio1,csrclassics
brionybester,use
brionybester,sign
pmpjr,right
JCat_Styles,way
JCat_Styles,beautiful
JCat_Styles,beautiful
JensTielmann86,use
JensTielmann86,damn
JensTielmann86,train
JensTielmann86,cool
JensTielmann86,fast
JensTielmann86,typing
samchutani,free
samchutani,csrracing
Purdles314,music
Purdles314,store
natermac98,join
neonpirate_16,free
neonpirate_16,csrclassics
Apple_Seed14,free
Apple_Seed14,csrclassics
IMEVERYICON_,top
Monika_jdb,waitforaminute
Monika_jdb,song
Caro_Vega7,waitforaminute
Caro_Vega7,waitforaminute
Caro_Vega7,holdtight
Caro_Vega7,song
Caro_Vega7,clubsmash
emilynusskern,waitforaminute
emilynusskern,holdtight
Rcal_Liam_Pajne,move
Rcal_Liam_Pajne,move
Rcal_Liam_Pajne,salute
NarrySonia_,musicmondays
_FlyToNeverland,like
httpcabello,together
httpcabello,buybettertogetherepatmidnight
getjerryup_JB,musicmondays
suz1973luq,way
suz1973luq,like
suz1973luq,girl
suz1973luq,brother
M_Kasia,help
M_Kasia,week
M_Kasia,smurfsvillage
ana_walden,use
ana_walden,smurfsvillage
ana_walden,clear
hevuhj,good
hevuhj,pie
Diann_1D,waitforaminute
Diann_1D,holdtight
IEatYouToKisses,go
IEatYouToKisses,minute
IEatYouToKisses,lastkings
ZakheleNdlozi,like
ZakheleNdlozi,backseatvj
_PEXE_,play
_PEXE_,store
_PEXE_,darksummoner
misskeciboo,smurfsvillage
misskeciboo,love
misskeciboo,blue
misskeciboo,blue
misskeciboo,hanging
noelle_belieber,waitforaminute
noelle_belieber,song
noelle_belieber,clubsmash
5directionbiebs,go
5directionbiebs,number
5directionbiebs,support
shwetagoel07,like
shwetagoel07,holdtight
shwetagoel07,holdtight
shwetagoel07,musicmondays
shwetagoel07,musicmondays
shwetagoel07,newmusic
shwetagoel07,love
faq1214,app
marinashood,go
MirianaPrincess,go
HSheliza,game
HSheliza,smurfsvillage
NovkovicBojana,waitforaminute
NovkovicBojana,song
NovkovicBojana,clubsmash
ciiindy62,waitforaminute
ciiindy62,song
ciiindy62,clubsmash
yuukiiswag,waitforaminute
yuukiiswag,holdtight
JenWilesRealtor,good
JenWilesRealtor,morning
JenWilesRealtor,applecreekoh
BarreraErandi,waitforaminute
BarreraErandi,holdtight
u_sammi,waitforaminute
u_sammi,song
MartellF,drink
paycrank,name
KaylaJacqueline,look
KaylaJacqueline,fact
seannarsenal,great
SwaggerPao,go
SwaggerPao,holdtight
SwaggerPao,holdtight
Smilejustin19,waitforaminute
Smilejustin19,song
SwaggyGirl14,waitforaminute
SwaggyGirl14,song
khaeraniputri,musicmondays
AdrianPaicu,free
AdrianPaicu,csrclassics
nettechnews,news
CourtneyYoxall,way
CourtneyYoxall,beautiful
CourtneyYoxall,beautiful
ConstanaBoigues,move
ConstanaBoigues,move
ConstanaBoigues,salute
_lwis,forward
NewsCoSprings,coloradosprings
YaraAhmedXC,go
MarieToTheGomez,like
MarieToTheGomez,slowdown
JBsGirlfriend__,go
JBsGirlfriend__,tight
JBsGirlfriend__,lyricsthatneedtobeshouted
JBsGirlfriend__,holdtightonitunes
amellarrieux,newmusic
amellarrieux,ice
amellarrieux,cream
amellarrieux,icecreameveryday
54j33dh4,ios
YNorcop,gold
HeyJemi,go
thefinancepress,news
thefinancepress,wall
thefinancepress,wall
thefinancepress,street
thefinancepress,street
SamsonMicho,top
techdelight,technology
salikhan120,free
salikhan120,csrclassics
salikhan120,paintjob
ambervioletz,love
ambervioletz,able
ambervioletz,foreword
JustinBLoves_Br,waitforaminute
JustinBLoves_Br,holdtight
hazem,tech
hazem,jo
niswulandari,ever
niswulandari,go
niswulandari,go
niswulandari,holdtight
niswulandari,holdtight
niswulandari,holdtight
niswulandari,take
niswulandari,head
2016Dana,waitforaminute
2016Dana,song
2016Dana,clubsmash
MaShaRiIi22,smurfsvillage
MaShaRiIi22,complete
Radio929OnAir,nowplaying
maitlyn10,waitforaminute
maitlyn10,holdtight
jockneycock,look
jockneycock,little
jockneycock,early
jockneycock,low
studiocafebleu,tree
studiocafebleu,photography
studiocafebleu,landscape
Fuv3111Thefuv,free
Fuv3111Thefuv,csrclassics
Fuv3111Thefuv,paintjob
hznll_camille,move
hznll_camille,move
hznll_camille,salute
taylorjessica92,education
taylorjessica92,education
taylorjessica92,mac
taylorjessica92,backtoschool
taylorjessica92,chinese
xitsmarco,dowhatuwant
__MMUUNNHHAAAA,waitforaminute
__MMUUNNHHAAAA,holdtight
InRealLife14,morning
InRealLife14,fall
InRealLife14,cold
Auralicous,dowhatuwant
jessicalynndye,midnightmemories
ilookharry,way
ilookharry,beautiful
ilookharry,beautiful
alvolfc,store
alvolfc,al
heismyjdb,waitforaminute
heismyjdb,holdtight
patriciacs99,waitforaminute
patriciacs99,holdtight
1Falkenw,free
1Falkenw,csrclassics
Faridahim,card
Faridahim,full
Faridahim,credit
Catherine_JBAO,waitforaminute
Catherine_JBAO,holdtight
WhatTheFahad,like
WhatTheFahad,stone
demonic_1,play
demonic_1,store
demonic_1,darksummoner
Narmofrom,app
EmmyR50,love
Psoriasis_Care,black
Psoriasis_Care,memory
Psoriasis_Care,amazon
Jedwardismygod,go
gabys_alvez,together
PrezGabby,go
PrezGabby,waitforaminute
PrezGabby,holdtight
PrezGabby,song
PrezGabby,clubsmash
PrezGabby,musicmondays
PrezGabby,room
PrezGabby,turn
PrezGabby,word
KatPike17,much
Margauxvw,happy
Margauxvw,voice
nag_riya,go
nag_riya,holdtight
nag_riya,musicmondays
nag_riya,room
nag_riya,turn
nag_riya,word
steph_andres14,go
belieber199914,waitforaminute
belieber199914,holdtight
a_lefebvre412,gay
a_lefebvre412,cup
BieberSaidIt99,waitforaminute
BieberSaidIt99,holdtight
ItsMeMarissa_,ever
ItsMeMarissa_,foreword
CooperRepublic,obamacarefail
engelsperez,offer
sg_iPhone5,applenews
dblack2000,year
justinscupcake1,waitforaminute
justinscupcake1,holdtight
OhBieberSmile,waitforaminute
OhBieberSmile,song
OhBieberSmile,clubsmash
11_rochii,waitforaminute
11_rochii,holdtight
pwtwitt,special
idealabs_BE,join
idealabs_BE,watch
idealabs_BE,send
idealabs_BE,nerdfest
doctormiliani,use
doctormiliani,week
doctormiliani,smurfsvillage
oguzhan99a,metal
Joshuamarinez,fruit
OnlyBelieber08,waitforaminute
OnlyBelieber08,holdtight
VALERIESTAGRAM,good
owkidrxuhl,waitforaminute
owkidrxuhl,holdtight
The_Ldr_Diaries,design
The_Ldr_Diaries,love
The_Ldr_Diaries,iosapp
GeekGogari,give
GeekGogari,iwish
_JakeMorris_,go
sharonswagonme,waitforaminute
drrnwalker,go
drrnwalker,smurfsvillage
drrnwalker,journey
nancy_guevara11,move
nancy_guevara11,move
nancy_guevara11,salute
niceisone,smell
niceisone,start
boobearljps,waitforaminute
boobearljps,holdtight
CramerBuffett,attempt
CramerBuffett,rain
here4demis,go
here4demis,buyletitgoonitunes
Sonia_Balani,go
Sonia_Balani,minute
Sonia_Balani,lastkings
biebermethods,waitforaminute
biebermethods,holdtight
BiebsMyOneLuv,go
BiebsMyOneLuv,tight
BiebsMyOneLuv,lyricsthatneedtobeshouted
BiebsMyOneLuv,holdtightonitunes
robyn_morris95,move
robyn_morris95,move
robyn_morris95,salute
Malia2530R,move
Malia2530R,move
Malia2530R,salute
HTerezaH,waitforaminute
HTerezaH,holdtight
sigalBELIEVE,oneweektoshowmelove
Sevdemi,waitforaminute
Sevdemi,holdtight
_sexymama,give
StopMmt,move
StopMmt,move
StopMmt,salute
Ramadan_101,soup
Ramadan_101,soup
Ramadan_101,sweet
Ramadan_101,potato
barr1993,every
barr1993,free
barr1993,csrclassics
barr1993,level
al3xaandraaa,make
MACscbent,newmusic
MACscbent,itunes
MACscbent,money
MACscbent,scb
MACscbent,feelgoodhour
DFMarkets,company
DFMarkets,attention
DFMarkets,present
glennQNYC,gold
glennQNYC,development
Esha0511,free
Esha0511,csrclassics
penguinchanz,record
penguinchanz,night
penguinchanz,penguin
penguinchanz,sougofollow
DonnyVantage,start
DonnyVantage,pin
DonnyVantage,group
swagersie,waitforaminute
swagersie,holdtight
4n6ist,infosec
CoppessAnthony,way
CoppessAnthony,look
HoldTightJB_06,waitforaminute
HoldTightJB_06,holdtight
___biebslover,waitforaminute
Liloandlokmee,move
Liloandlokmee,move
Liloandlokmee,salute
