peter_handy,cook
peter_handy,cook
peter_handy,left
peter_handy,stage
peter_handy,like
peter_handy,much
MiguelHonores,space
MiguelHonores,space
MiguelHonores,ready
MiguelHonores,smurfsvillage
CarmenCiar,cook
CarmenCiar,cook
CarmenCiar,left
CarmenCiar,stage
CarmenCiar,like
CarmenCiar,much
Bekah_Monster,like
Bekah_Monster,pie
Bekah_Monster,pie
dbrunet2000,cook
dbrunet2000,cook
dbrunet2000,left
dbrunet2000,stage
dbrunet2000,like
dbrunet2000,much
Musickidrauhls,song
Musickidrauhls,waitforaminute
Musickidrauhls,clubsmash
thixrlwall,go
OneAppyMama,free
OneAppyMama,free
HeyItsMagic,song
HeyItsMagic,together
erin_mcneal,cook
erin_mcneal,cook
erin_mcneal,left
erin_mcneal,stage
erin_mcneal,stage
erin_mcneal,like
erin_mcneal,much
vijuychavda,music
vijuychavda,music
vijuychavda,store
mobilegurl,cook
mobilegurl,cook
mobilegurl,left
mobilegurl,stage
mobilegurl,like
mobilegurl,much
AbazedGhazi,free
AbazedGhazi,csrclassics
dReal_supernova,cook
dReal_supernova,cook
dReal_supernova,left
dReal_supernova,stage
dReal_supernova,like
dReal_supernova,much
biebahsavon,song
biebahsavon,waitforaminute
biebahsavon,clubsmash
itzmide,cook
itzmide,cook
itzmide,left
itzmide,stage
itzmide,like
itzmide,much
kidrauhlred,go
kidrauhlred,love
kidrauhlred,way
kidrauhlred,sweeterthanfiction
kidrauhlred,hate
kidrauhlred,reason
ElzanPutri,go
ElzanPutri,holdtight
ElzanPutri,filmfridays
ElzanPutri,believemovie
HeathAJordan,cook
HeathAJordan,cook
HeathAJordan,left
HeathAJordan,stage
HeathAJordan,like
HeathAJordan,much
proudbelieberr8,go
proudbelieberr8,holdtight
proudbelieberr8,filmfridays
proudbelieberr8,believemovie
ykanibive,need
beliebermlmh,song
beliebermlmh,waitforaminute
beliebermlmh,waitforaminute
xjusthugme,song
xjusthugme,waitforaminute
xjusthugme,clubsmash
TheRealAniaaa,way
TheRealAniaaa,beautiful
TheRealAniaaa,beautiful
itshitsman,right
itshitsman,tiutuesday
itshitsman,tiumuzic
galath1,cook
galath1,left
galath1,stage
breezieFbabyyy,top
TECHCOIR,cook
TECHCOIR,cook
TECHCOIR,left
TECHCOIR,stage
TECHCOIR,like
TECHCOIR,much
flylieberr,song
flylieberr,waitforaminute
flylieberr,clubsmash
foundslove_,go
JayAteMyPizza,song
JayAteMyPizza,waitforaminute
MyCoolGeorge,beautiful
MyCoolGeorge,dark
MyCoolGeorge,open
MyCoolGeorge,see
_amayyy,hate
BiebsStyle,waitforaminute
BiebsStyle,holdtight
yousaf465,week
yousaf465,week
sarahalexandra3,cook
sarahalexandra3,cook
sarahalexandra3,left
sarahalexandra3,stage
sarahalexandra3,like
sarahalexandra3,much
tulene_manna,song
tulene_manna,waitforaminute
tulene_manna,clubsmash
tulene_manna,go
tulene_manna,minute
tulene_manna,lastkings
bieberscosmic,waitforaminute
bieberscosmic,holdtight
tattedjustin,waitforaminute
GeekGawk,geek
GeekGawk,nerd
GeekGawk,gamer
GeekGawk,tuaw
GettinEsBriddle,fruit
AmirulHanifx,freemusic
Maculous009,cook
Maculous009,cook
Maculous009,left
Maculous009,stage
Maculous009,like
Maculous009,much
kidrxhlscaylen,waitforaminute
kidrxhlscaylen,filmfridays
kidrxhlscaylen,top
X_066,cook
X_066,cook
X_066,left
X_066,stage
X_066,like
X_066,much
Danielsand,happy
Danielsand,reason
AnanseOnline,cook
AnanseOnline,left
AnanseOnline,stage
AnanseOnline,tech
AnanseOnline,tech
AnanseOnline,socialmedia
AnanseOnline,watch
AnanseOnline,technology
KanuPk,cook
KanuPk,cook
KanuPk,left
KanuPk,stage
KanuPk,like
KanuPk,teamperfect
MookGook,light
TygrScott,cook
TygrScott,left
TygrScott,stage
swagxjustin_,go
swagxjustin_,go
swagxjustin_,holdtight
swagxjustin_,holdtight
swagxjustin_,holdtight
swagxjustin_,room
swagxjustin_,turn
swagxjustin_,word
swagxjustin_,musicmondays
AshkaITsolution,cook
AshkaITsolution,cook
AshkaITsolution,left
AshkaITsolution,stage
AshkaITsolution,like
AshkaITsolution,much
Jeff_Bloomfield,baby
Jeff_Bloomfield,sister
Suhaibhaider,cheap
Suhaibhaider,care
Baz_2005,top
Baz_2005,look
DwiCahya75,cook
DwiCahya75,cook
DwiCahya75,left
DwiCahya75,stage
DwiCahya75,like
DwiCahya75,much
ClimentiniJB,go
ClimentiniJB,holdtight
ClimentiniJB,room
ClimentiniJB,turn
ClimentiniJB,word
ClimentiniJB,musicmondays
ananzayn1,like
ananzayn1,go
ananzayn1,go
ananzayn1,love
ananzayn1,holdtight
ananzayn1,holdtight
ananzayn1,holdtight
ananzayn1,holdtight
ananzayn1,room
ananzayn1,turn
ananzayn1,word
ananzayn1,musicmondays
ananzayn1,musicmondays
ananzayn1,musicmondays
ananzayn1,take
ananzayn1,ever
ananzayn1,newmusic
ananzayn1,head
GalihFaiq_1D,go
Bryzoz_a_twit,free
Bryzoz_a_twit,join
Bryzoz_a_twit,csrracing
Ifeelbiebah,go
Ifeelbiebah,minute
Ifeelbiebah,tight
JoeHeady,need
Vavoosh,cook
Vavoosh,cook
Vavoosh,left
Vavoosh,stage
Vavoosh,like
Vavoosh,much
Touchofviolet,picture
Touchofviolet,book
Innovatrs,touch
ZTannerS,free
ZTannerS,csrracing
ZTannerS,level
itmsfan,answer
CournoyerMe,freemusic
iOSGaby,copy
Xjhanc,cook
Xjhanc,cook
Xjhanc,left
Xjhanc,stage
Xjhanc,like
Xjhanc,much
auddog26,go
pattyblest,cook
pattyblest,cook
pattyblest,left
pattyblest,stage
pattyblest,like
pattyblest,much
SuhaniDoctor,make
dmx19801980,free
dmx19801980,csrclassics
dmx19801980,level
dmx19801980,every
bramzens,music
bramzens,music
bramzens,store
freehugsofhoran,way
freehugsofhoran,beautiful
freehugsofhoran,beautiful
thecanadacom,line
SecuteMamacita,like
SecuteMamacita,slowdown
kidrahul2justin,go
kidrahul2justin,holdtight
kidrahul2justin,room
kidrahul2justin,turn
kidrahul2justin,word
kidrahul2justin,musicmondays
MCatalinTudor,free
MCatalinTudor,csrracing
biancabdam,free
biancabdam,sprout
adsociale,cook
adsociale,cook
adsociale,left
adsociale,stage
adsociale,like
adsociale,much
IluvJB4everrr,waitforaminute
IluvJB4everrr,waitforaminute
IluvJB4everrr,holdtight
IluvJB4everrr,holdtight
IluvJB4everrr,right
IluvJB4everrr,well
IluvJB4everrr,filmfriday
artpop_drea,go
silvivareela,go
SexWidBieber,song
SexWidBieber,waitforaminute
SexWidBieber,clubsmash
SexWidBieber,go
SexWidBieber,tight
SexWidBieber,lyricsthatneedtobeshouted
SexWidBieber,holdtightonitunes
GeorgeZisPaun,cook
GeorgeZisPaun,cook
GeorgeZisPaun,left
GeorgeZisPaun,stage
GeorgeZisPaun,like
GeorgeZisPaun,much
dr4uhlfeels,waitforaminute
MediaCapsules,cook
MediaCapsules,left
MediaCapsules,stage
MediaCapsules,mashable
KiLLer_BarnieXz,make
KiLLer_BarnieXz,dailyquote
NoorThemes,cook
NoorThemes,cook
NoorThemes,left
NoorThemes,stage
NoorThemes,like
NoorThemes,much
GopalKChopra,line
GopalKChopra,size
GopalKChopra,ipads
cheesemosa,chance
cheesemosa,control
needjubsdb,song
needjubsdb,waitforaminute
T_Sadan12,go
heyitsnaim,cook
heyitsnaim,left
heyitsnaim,stage
msnwastika,cook
msnwastika,cook
msnwastika,left
msnwastika,stage
msnwastika,like
msnwastika,much
_justbieber__,go
_justbieber__,go
_justbieber__,holdtight
_justbieber__,holdtight
_justbieber__,holdtight
_justbieber__,number
iknowzain,till
CAVandy,start
CAVandy,year
JustinSyyy,go
Bendihossan,like
Bendihossan,right
Bendihossan,ship
Bendihossan,ship
Bendihossan,hole
Bendihossan,direction
GobironRyan,play
GobironRyan,itried
GobironRyan,teamruby
BhebyFaze,cook
BhebyFaze,cook
BhebyFaze,left
BhebyFaze,stage
BhebyFaze,like
BhebyFaze,much
slynamsu,cook
slynamsu,cook
slynamsu,left
slynamsu,stage
slynamsu,like
slynamsu,much
tommosvojce_,waitforaminute
tommosvojce_,holdtight
iPhone5S_ID,music
iPhone5S_ID,music
iPhone5S_ID,store
iPhone5S_ID,applenews
iPhone5S_ID,applenews
only_harmony,bettertogether
yanz10,part
adeswan,go
adeswan,fiction
CiciDuro,song
CiciDuro,waitforaminute
TechBulletin,cook
TechBulletin,left
TechBulletin,stage
PJBDrew,like
PJBDrew,song
PJBDrew,waitforaminute
PJBDrew,clubsmash
PJBDrew,slowdown
PSwifty23,fiction
bt_vancouver,go
bt_vancouver,morning
bt_vancouver,btapp
94Asfand,free
94Asfand,csrclassics
justburnniper,free
justburnniper,csrclassics
AgMedia101,word
AgMedia101,iwatchpipedream
in_died,buywaitforaminuteonitunes
in_died,buyhold
wbir,tomorrow
wbir,story
Online_nvkz,free
Online_nvkz,csrclassics
sammie_0809,smurfsvillage
sammie_0809,way
SammieRPack,go
kimmiethinguyen,fall
5SOSTURBATE,store
luisbergante,cook
luisbergante,left
luisbergante,stage
janoskianbi3ber,song
janoskianbi3ber,waitforaminute
janoskianbi3ber,clubsmash
Riko_Lewis,cook
Riko_Lewis,cook
Riko_Lewis,left
Riko_Lewis,stage
Riko_Lewis,like
Riko_Lewis,much
PhebeOhYes,cook
PhebeOhYes,left
PhebeOhYes,stage
yleniaxx,song
yleniaxx,waitforaminute
yleniaxx,waitforaminute
yleniaxx,clubsmash
yleniaxx,holdtight
lorena__garcia_,white
lorena__garcia_,camera
lorena__garcia_,connection
lorena__garcia_,price
lorena__garcia_,end
CreativeFeedbac,wtf
beatriz_bieber9,song
beatriz_bieber9,waitforaminute
sg_iPhone5,music
sg_iPhone5,music
sg_iPhone5,store
sg_iPhone5,applenews
sg_iPhone5,applenews
droidportfolio,cook
droidportfolio,cook
droidportfolio,left
droidportfolio,stage
droidportfolio,like
droidportfolio,androidportfolio
jdbfordemi,waitforaminute
jdbfordemi,holdtight
Andreina_SWAGGY,song
Andreina_SWAGGY,waitforaminute
GreenP0150n,music
GreenP0150n,music
GreenP0150n,store
GreenP0150n,applenews
GreenP0150n,applenews
GreenP0150n,applenews
DanielleNabours,book
MEGABRITNEYFAN,copy
MEGABRITNEYFAN,workbxxch
mininea,hard
mininea,enough
baptistedajon,copy
jdbgonewild,go
kenrex_,cook
kenrex_,cook
kenrex_,left
kenrex_,stage
kenrex_,like
kenrex_,much
adamoilanen,waitforaminute
adamoilanen,holdtight
demoski02,watch
idolhensley,way
idolhensley,beautiful
idolhensley,beautiful
galaxyrauhls,waitforaminute
galaxyrauhls,waitforaminute
galaxyrauhls,holdtight
shinefmNP,go
vladwanted1,free
vladwanted1,csrclassics
5HonTour,go
5HonTour,give
140Records,music
140Records,music
140Records,store
gracielamellizo,free
gracielamellizo,csrclassics
gracielamellizo,level
gracielamellizo,every
_lovekidrauhll,waitforaminute
_lovekidrauhll,holdtight
Bess,cook
Bess,board
Bess,school
morganbrooke101,much
morganbrooke101,shit
morganbrooke101,fuck
NextCourseBlog,like
robertore62,ipad
drauhltasty,waitforaminute
drauhltasty,go
drauhltasty,holdtight
drauhltasty,tight
drauhltasty,lyricsthatneedtobeshouted
drauhltasty,holdtightonitunes
kidstratford_,song
kidstratford_,waitforaminute
poison_apple_ks,nowplaying
JhallaWalla,cook
JhallaWalla,cook
JhallaWalla,left
JhallaWalla,stage
JhallaWalla,like
JhallaWalla,much
swaggbelieber99,song
swaggbelieber99,song
swaggbelieber99,waitforaminute
swaggbelieber99,waitforaminute
swaggbelieber99,clubsmash
ama_prettiboi,cook
ama_prettiboi,cook
ama_prettiboi,left
ama_prettiboi,stage
ama_prettiboi,like
ama_prettiboi,much
erikwill,among
LannaDrewBieber,go
LannaDrewBieber,tight
LannaDrewBieber,lyricsthatneedtobeshouted
LannaDrewBieber,holdtightonitunes
CursoHootUNO,cook
CursoHootUNO,left
CursoHootUNO,stage
Mari_H18,love
Mari_H18,preorderwordofmouth
LGFundingGroup,cook
LGFundingGroup,cook
LGFundingGroup,left
LGFundingGroup,stage
LGFundingGroup,like
LGFundingGroup,much
paulzuke,cook
paulzuke,cook
paulzuke,left
paulzuke,stage
paulzuke,like
paulzuke,mashable
LilianCalvoR,smurfsvillage
LilianCalvoR,use
LilianCalvoR,clear
DemiWeAreProud,go
DemiWeAreProud,go
BB_Bufon,like
SolentSoundsDJ,cook
SolentSoundsDJ,cook
SolentSoundsDJ,left
SolentSoundsDJ,stage
SolentSoundsDJ,like
SolentSoundsDJ,much
historyben,like
historyben,thought
historyben,bed
historyben,sort
Yo0oYo0o1,waitforaminute
Yo0oYo0o1,holdtight
Warningfangirl,store
Warningfangirl,hard
BiebskiansTW,waitforaminute
BiebskiansTW,music
wsoeldner,cook
wsoeldner,left
wsoeldner,stage
SofiaMicaelaOK,waitforaminute
SofiaMicaelaOK,holdtight
jeroen072,hair
jeroen072,fire
auction_site,cook
auction_site,cook
auction_site,left
auction_site,stage
auction_site,like
auction_site,much
MariaVarella3,chain
MariaVarella3,chain
MariaVarella3,itunes
MariaVarella3,turnup
Imakickyou,way
Imakickyou,beautiful
Imakickyou,beautiful
ThomasWillie,cook
ThomasWillie,left
ThomasWillie,stage
ThomasWillie,like
ThomasWillie,socialmedia
ThomasWillie,technology
ThomasWillie,ad
fulano_vianca,cook
fulano_vianca,cook
fulano_vianca,left
fulano_vianca,stage
fulano_vianca,stage
fulano_vianca,like
fulano_vianca,much
Oye_PapiLindo,cook
Oye_PapiLindo,cook
Oye_PapiLindo,left
Oye_PapiLindo,stage
Oye_PapiLindo,stage
Oye_PapiLindo,like
Oye_PapiLindo,much
BaronFlowRD,cook
BaronFlowRD,cook
BaronFlowRD,left
BaronFlowRD,stage
BaronFlowRD,stage
BaronFlowRD,like
BaronFlowRD,much
DannyBates00,every
DannyBates00,morning
DannyBates00,honey
chitsorrilla,go
chitsorrilla,love
chitsorrilla,way
chitsorrilla,sweeterthanfiction
JensTielmann86,love
JensTielmann86,language
JensTielmann86,education
JensTielmann86,education
JensTielmann86,learning
JensTielmann86,learning
JensTielmann86,mac
JensTielmann86,app
JensTielmann86,osx
JensTielmann86,edtech
kidrauhlHappy,song
kidrauhlHappy,waitforaminute
kidrauhlHappy,waitforaminute
kidrauhlHappy,waitforaminute
kidrauhlHappy,clubsmash
kidrauhlHappy,go
kidrauhlHappy,go
kidrauhlHappy,holdtight
kidrauhlHappy,minute
kidrauhlHappy,lastkings
kidrauhlHappy,tight
kidrauhlHappy,lyricsthatneedtobeshouted
kidrauhlHappy,holdtightonitunes
1lovatic_d,go
Mission4Maureen,like
Mission4Maureen,open
Mission4Maureen,box
Jelieber1125,song
Jelieber1125,waitforaminute
Apple_Master2,teamfollowwacky
Apple_Master2,autofollow
Apple_Master2,enjoy
Apple_Master2,uk
bieberelida,song
bieberelida,waitforaminute
bieberelida,clubsmash
flycka10,space
flycka10,smurfsvillage
LaLeigh97,open
LaLeigh97,reviewthebest
gfdhgjsdfgjfjgh,go
gfdhgjsdfgjfjgh,minute
gfdhgjsdfgjfjgh,lastkings
hannah_rowe_,waitforaminute
kbinlovewithJB,waitforaminute
kbinlovewithJB,go
kbinlovewithJB,holdtight
kbinlovewithJB,tight
kbinlovewithJB,lyricsthatneedtobeshouted
kbinlovewithJB,holdtightonitunes
MartyMorua,cook
iphonenewscente,top
iphonenewscente,back
T_Icy24,free
T_Icy24,csrclassics
harrysbakery,song
harrysbakery,waitforaminute
harrysbakery,clubsmash
JustinSexyBody,waitforaminute
JustinSexyBody,holdtight
vikiiiixoxo,store
vikiiiixoxo,lunch
BassyBekx,cook
BassyBekx,left
BassyBekx,stage
jb_bieberswagy,song
jb_bieberswagy,waitforaminute
jb_bieberswagy,clubsmash
stay_LBDA,song
stay_LBDA,waitforaminute
stay_LBDA,clubsmash
kimbrown_77,smurfsvillage
c_ash_money,free
c_ash_money,csrclassics
c_ash_money,level
c_ash_money,every
basicallytori,part
basicallytori,full
Thredstone,true
Thredstone,bbm
nuky_JB,minute
mytweetplace,cook
mytweetplace,left
mytweetplace,stage
LejlaBelieber4,song
LejlaBelieber4,waitforaminute
LejlaBelieber4,clubsmash
crimebieber,waitforaminute
crimebieber,holdtight
DJ_Paulo_,game
aljayjulie,free
aljayjulie,csrclassics
robwhitlow3,enough
robwhitlow3,enough
robwhitlow3,long
BelenCrazyMofa,copy
AggregatorTech,top
AggregatorTech,news
themightyworld,like
themightyworld,look
NickenNuraini,waitforaminute
NickenNuraini,holdtight
PMRRECORDS,form
StartupABC,help
Sgt_Ric,smurfsvillage
Sgt_Ric,play
Sgt_Ric,help
TechFeedUS,music
TechFeedUS,music
TechFeedUS,store
TechFeedUS,technews
christina_71102,cook
christina_71102,left
christina_71102,stage
umairquraishi,cook
umairquraishi,left
umairquraishi,stage
umairquraishi,technology
umairquraishi,smm
iCharisma_91,quote
En1Direccion17,midnightmemories
thegirlbread,song
thegirlbread,together
modtoast,cook
modtoast,left
modtoast,stage
mikasiagian13,love
mikasiagian13,fiction
jrb,left
jrb,music
jrb,music
jrb,store
__BrizZy,like
AccessGrantedFM,history
AccessGrantedFM,early
AccessGrantedFM,business
AccessGrantedFM,radio
laraJBiebs,waitforaminute
laraJBiebs,holdtight
RFrankie97,free
RFrankie97,csrclassics
RFrankie97,level
RFrankie97,every
raekerwin,mountain
raekerwin,mountain
raekerwin,smurfvillage
limkfeed,watch
king_shuaib,free
king_shuaib,join
king_shuaib,csrracing
justinseiswag,waitforaminute
justinseiswag,holdtight
DayanneFuentes,waitforaminute
DayanneFuentes,holdtight
biebersescort,copy
biebersescort,plane
taseenAmin,free
taseenAmin,thought
swagbeliebrr,go
swagbeliebrr,tight
swagbeliebrr,lyricsthatneedtobeshouted
swagbeliebrr,holdtightonitunes
OsAsUsY0909,use
OsAsUsY0909,card
OsAsUsY0909,fantasica
lucysandivilla,music
ashtondilts,fall
ashtondilts,far
ashtondilts,tree
ddlovat0x,go
EmillieCloud,smurfsvillage
EmillieCloud,game
EmillieCloud,place
EmillieCloud,berry
mairna1D,waitforaminute
mairna1D,waitforaminute
mairna1D,go
mairna1D,holdtight
mairna1D,holdtight
mairna1D,holdtight
mairna1D,right
mairna1D,room
mairna1D,turn
mairna1D,word
mairna1D,musicmondays
mairna1D,well
mairna1D,filmfriday
BakedByMel,top
BakedByMel,dry
my_thiramisu,go
my_thiramisu,love
my_thiramisu,way
my_thiramisu,sweeterthanfiction
TheBiebsKey_,song
TheBiebsKey_,waitforaminute
RealAnthonyCamp,cook
RealAnthonyCamp,left
RealAnthonyCamp,stage
RealAnthonyCamp,need
RealAnthonyCamp,news
RealAnthonyCamp,news
RealAnthonyCamp,news
Britt_kidrauhl,song
Britt_kidrauhl,waitforaminute
Britt_kidrauhl,clubsmash
thebiebesandme,waitforaminute
thebiebesandme,waitforaminute
thebiebesandme,holdtight
Nicole199413,song
Nicole199413,waitforaminute
Nicole199413,go
Nicole199413,minute
Nicole199413,lastkings
ScreamQueen__x3,countrymusic
ScreamQueen__x3,rock
ChakibFodil,move
ChakibFodil,move
ChakibFodil,salute
lalitpoint123,girl
lalitpoint123,keep
lalitpoint123,demondev
FatimaDakik16,app
theyeomen,support
theyeomen,support
theyeomen,great
theyeomen,custexp
theyeomen,custserv
kimmiedrob,space
kimmiedrob,take
drwsperfx,song
drwsperfx,waitforaminute
drwsperfx,clubsmash
beckyloves1D,help
beckyloves1D,question
beckyloves1D,test
AgnesAryaniP,song
AgnesAryaniP,waitforaminute
AgnesAryaniP,clubsmash
AgnesAryaniP,go
AgnesAryaniP,holdtight
AgnesAryaniP,room
AgnesAryaniP,turn
AgnesAryaniP,word
AgnesAryaniP,musicmondays
KingDjDrako,watch
KingDjDrako,crazysexycool
KingDjDrako,sufferingfromsuccess
KingDjDrako,bluebengis
tpajao,responsible
tpajao,almost
auratusauram,part
patybesa1,smurfsvillage
patybesa1,week
patybesa1,use
LKeelin,look
hyligana1,free
hyligana1,csrclassics
jdbgrande,waitforaminute
jdbgrande,holdtight
ppp147_poppy,waitforaminute
ppp147_poppy,go
ppp147_poppy,holdtight
ppp147_poppy,tight
ppp147_poppy,lyricsthatneedtobeshouted
ppp147_poppy,holdtightonitunes
appleactual,music
appleactual,music
appleactual,store
appleactual,feed
opragiorgiana,waitforaminute
opragiorgiana,holdtight
JakeTeh,till
JakeTeh,start
av0nsel,song
av0nsel,waitforaminute
av0nsel,waitforaminute
av0nsel,waitforaminute
av0nsel,clubsmash
av0nsel,go
av0nsel,holdtight
av0nsel,tight
av0nsel,lyricsthatneedtobeshouted
av0nsel,holdtightonitunes
gonkarranza,free
gonkarranza,csrracing
gonkarranza,level
ririn_masdaria,give
ririn_masdaria,nowplaying
ririn_masdaria,instatube
ejgurley,help
ejgurley,long
ejgurley,squash
ejgurley,food
hunter_forevap,waitforaminute
hunter_forevap,holdtight
GERlittlemixer,move
GERlittlemixer,move
GERlittlemixer,salute
denimhero,pie
denimhero,school
denimhero,floor
denimhero,protest
FaHaD_03,tweepr
Iam_resisting,waitforaminute
Iam_resisting,holdtight
MiglyWigglyPoo,river
LinzLooWho,left
LinzLooWho,back
LinzLooWho,bullshit
daniellebeach,smurfsvillage
daniellebeach,use
daniellebeach,clear
RandomInterBot,need
RandomInterBot,friend
buddyvideo,cook
buddyvideo,left
buddyvideo,stage
FabianVasquez_,waitforaminute
dezadobiebs,go
dezadobiebs,holdtight
dezadobiebs,ever
dezadobiebs,foreword
dezadobiebs,spreadtheworld
WayLoR_Mr,complete
WayLoR_Mr,football
WayLoR_Mr,followback
WayLoR_Mr,retweet
bAdziggy7,music
bAdziggy7,music
bAdziggy7,store
ladyvonne_78,smurfsvillage
HarryInYellow,top
HarryInYellow,back
HarryInYellow,power
IamLeksyde,free
IamLeksyde,game
IamLeksyde,war
JustProudSelena,go
taufiq912,music
taufiq912,music
taufiq912,store
drewsgvrl,song
drewsgvrl,waitforaminute
drewsgvrl,clubsmash
abnalgzirah,music
abnalgzirah,music
abnalgzirah,music
abnalgzirah,music
abnalgzirah,music
abnalgzirah,store
abnalgzirah,store
abnalgzirah,store
abnalgzirah,watch
abnalgzirah,fact
abnalgzirah,fact
abnalgzirah,able
Nerissaaa97,waitforaminute
Nerissaaa97,holdtight
living1432,go
living1432,give
corneliushanung,music
corneliushanung,music
corneliushanung,store
Purpleshawty3,song
Purpleshawty3,waitforaminute
lola_azamova,go
BeiFit,lunch
BeiFit,lunch
BeiFit,cheese
BeiFit,red
BeiFit,onion
BeiFit,protein
BeiFit,healthyeating
JenniFlight91,education
JenniFlight91,education
JenniFlight91,mac
JenniFlight91,german
JenniFlight91,backtoschool
DainesAaron,right
Curious_Mum,way
Curious_Mum,little
angie_duvail,free
angie_duvail,whatstheemoji
melifernandeztw,go
melifernandeztw,holdtight
melifernandeztw,holdtight
JewelsAndDrugs,song
JewelsAndDrugs,little
JewelsAndDrugs,good
JewelsAndDrugs,work
jdbismyrauhl,waitforaminute
jdbismyrauhl,holdtight
sere_jb,go
sere_jb,tight
sere_jb,lyricsthatneedtobeshouted
sere_jb,holdtightonitunes
StepanYakovlev,free
StepanYakovlev,free
StepanYakovlev,csrclassics
StepanYakovlev,csrclassics
Dawnf1,news
Dawnf1,good
baratsyipapong,touch
CrandleP,right
CrandleP,balls
myOznet,cook
myOznet,left
myOznet,stage
CR_eighty5,good
pancakebiebs,song
pancakebiebs,waitforaminute
pancakebiebs,waitforaminute
pancakebiebs,clubsmash
kngbn97,watch
dhharuuuxx,go
dhharuuuxx,use
dhharuuuxx,rate
Lovlymanal,look
TheCoolOneDoe,make
tori_kawa26,nowplaying
tori_kawa26,itunes
smokejustins,waitforaminute
smokejustins,holdtight
HisBiaaatch,waitforaminute
HisBiaaatch,holdtight
rixstepnews,much
rixstepnews,music
rixstepnews,music
rixstepnews,store
rixstepnews,tech
rixstepnews,ios
rixstepnews,reading
rixstepnews,scottforstall
jb1dtas,song
jb1dtas,waitforaminute
jb1dtas,waitforaminute
LadyEhilton,take
LadyEhilton,button
LadyEhilton,fucked
EvvLean_,shit
Hadibhat04,free
iwantjustinshug,waitforaminute
iwantjustinshug,holdtight
strongestdrauhl,waitforaminute
infinit_js,go
djems_32,store
djems_32,si
iproficientseo,cook
iproficientseo,left
iproficientseo,stage
iproficientseo,seo
iproficientseo,internetmarketing
AllyKestane,every
AllyKestane,crack
Gavstackemann,free
Gavstackemann,csrclassics
Our_Traffic,cook
Our_Traffic,left
Our_Traffic,stage
xchocofrappe,fiction
avonsvampiree,go
avonsvampiree,tight
avonsvampiree,lyricsthatneedtobeshouted
avonsvampiree,holdtightonitunes
cyberjesus666,free
cyberjesus666,csrclassics
brehxler,play
Oceane_Rdn,song
Oceane_Rdn,waitforaminute
Oceane_Rdn,clubsmash
thedrakeslayer,music
thedrakeslayer,music
thedrakeslayer,store
sipsoul,may
biexberswaggy,minute
LovaticClarkson,go
raynauhl,go
raynauhl,minute
raynauhl,lastkings
Arvy_Cool,free
Arvy_Cool,csrclassics
Megootronic,morning
Megootronic,strange
GiustinoIsSwag,song
GiustinoIsSwag,waitforaminute
katielynnrust,kind
katielynnrust,kind
katielynnrust,kind
CourtneyyKay,make
Gulsauhl,waitforaminute
Gulsauhl,holdtight
AAnandSharad,cook
AAnandSharad,cook
AAnandSharad,left
AAnandSharad,stage
AAnandSharad,like
avodkawjustin,song
avodkawjustin,waitforaminute
avodkawjustin,clubsmash
HoesLove_Quis,free
HoesLove_Quis,join
HoesLove_Quis,csrracing
jessprasadJC,love
jessprasadJC,support
jessprasadJC,voice
jessprasadJC,getjamesa
chrisbearer,happy
sonya_sures,song
sonya_sures,waitforaminute
sonya_sures,clubsmash
AnghelinaM,free
AnghelinaM,love
AnghelinaM,hate
JonnyGrossmark,complete
JonnyGrossmark,football
JonnyGrossmark,followback
JonnyGrossmark,retweet
hannahb405,free
hannahb405,level
hannahb405,house
hannahb405,design
hannahb405,design
hannahb405,designthishome
sammyke1989,together
RyanPetruzzelli,tomorrow
RyanPetruzzelli,night
SMACconferences,cook
SMACconferences,left
SMACconferences,stage
daddys_smiley1,move
daddys_smiley1,move
daddys_smiley1,salute
Taxtreats,cook
Taxtreats,left
Taxtreats,stage
Taxtreats,technology
Taxtreats,change
Taxtreats,change
peterdoris1,itunes
technoradar,offer
technoradar,live
LIGHTme_ImDOPE,free
LIGHTme_ImDOPE,csrclassics
LIGHTme_ImDOPE,level
LIGHTme_ImDOPE,every
JerryCrunchie,song
JerryCrunchie,waitforaminute
LinhJi5,like
LinhJi5,yeg
FPCT,much
RuschMkr1,go
TrishCarey,cook
TrishCarey,left
TrishCarey,stage
BEATKZ,nowplaying
BEATKZ,different
cosaschachis,app
XGIromeoX,pin
chezacarias,cook
chezacarias,left
chezacarias,stage
varnerlab,special
seenhora_bieber,song
seenhora_bieber,waitforaminute
seenhora_bieber,clubsmash
EmmaChotchin,free
EmmaChotchin,level
EmmaChotchin,house
EmmaChotchin,design
EmmaChotchin,design
EmmaChotchin,designthishome
Swake183,value
sebaskatycat,till
sebaskatycat,prism
ssxfield,free
ssxfield,csrclassics
Roshiexoxo,song
Roshiexoxo,song
Roshiexoxo,waitforaminute
Roshiexoxo,waitforaminute
Roshiexoxo,waitforaminute
Roshiexoxo,waitforaminute
Roshiexoxo,clubsmash
Roshiexoxo,holdtight
Roshiexoxo,holdtight
kayeiral,go
kayeiral,use
kayeiral,rate
demixrbr,go
VMindo,free
VMindo,csrclassics
VMindo,paintjob
Netflixhelps,go
Netflixhelps,go
Netflixhelps,give
Netflixhelps,keep
lumicuenca,waitforaminute
lumicuenca,holdtight
_dskuza,happy
_dskuza,future
KellyAnn513,smurfsvillage
Tifflilsexy,smurfsvillage
Tifflilsexy,week
Tifflilsexy,help
ayumeymey,go
ayumeymey,holdtight
ayumeymey,room
ayumeymey,turn
ayumeymey,word
ayumeymey,musicmondays
awanthirox,chance
awanthirox,fearlesslyambitious
DaveAnqii,wood
TeamLukeSharp,top
TeamLukeSharp,sharp
TeamLukeSharp,thisisme
1DDD_xx,move
1DDD_xx,move
1DDD_xx,salute
KekesKidrauhl,go
KekesKidrauhl,love
KekesKidrauhl,stop
KekesKidrauhl,worklikeyouloveme
demibrazil,go
STWard_Team,girl
STWard_Team,girl
STWard_Team,girl
STWard_Team,galwaygirlwardfosterandallen
STWard_Team,galwaygirlwardfosterandallen
STWard_Team,galwaygirlwardfosterandallen
marktkenny,like
reneekopf,ready
reneekopf,order
reneekopf,high
reneekopf,moredevices
reneekopf,bringiton
MarieJohansenf,song
MarieJohansenf,waitforaminute
hellovincenza,waitforaminute
CreativeBuddha,game
CreativeBuddha,small
CreativeBuddha,family
CreativeBuddha,ios
CreativeBuddha,puzzle
CreativeBuddha,puzzleg
scrstratford,song
scrstratford,waitforaminute
scrstratford,clubsmash
scrstratford,go
scrstratford,minute
scrstratford,lastkings
Krystal_Black2,love
Krystal_Black2,love
Krystal_Black2,beautiful
Krystal_Black2,beautiful
Krystal_Black2,itunes
rougecompany1,free
rougecompany1,csrclassics
annaannano,app
browneyes7281,space
browneyes7281,smurfsvillage
ParkerHonore,cook
ParkerHonore,left
ParkerHonore,stage
theonlyweswatt,much
theonlyweswatt,well
Georges_ride,way
Georges_ride,beautiful
Georges_ride,beautiful
fgomezcordoba,go
fgomezcordoba,see
ayshettnek,free
ayshettnek,csrclassics
ayshettnek,level
ayshettnek,every
davis_robby,beautiful
Taylorprsmith,watch
Pouya_Saadeghi,top
PrimeAwzee,free
PrimeAwzee,csrclassics
Erika_Aldana,mountain
Erika_Aldana,mountain
Erika_Aldana,smurfvillage
IvanovaSonq,waitforaminute
IvanovaSonq,holdtight
AtlantaBizWomen,fall
AtlantaBizWomen,yes
AtlantaBizWomen,please
AtlantaBizWomen,dish
Aii_Shawty,song
Aii_Shawty,waitforaminute
Aii_Shawty,clubsmash
Aii_Shawty,holdtight
Aii_Shawty,right
Aii_Shawty,well
Aii_Shawty,filmfriday
_itsUgo,watch
Chanpon_JAZZ,nowplaying
fayebieberauhl,song
fayebieberauhl,waitforaminute
fayebieberauhl,clubsmash
_Matt_Carter,love
_Matt_Carter,record
cuero_22,top
JBiebersID,minute
JBiebersID,news
JBiebersID,news
JustLurisBer,song
JustLurisBer,waitforaminute
JustLurisBer,clubsmash
JustLurisBer,go
JustLurisBer,go
JustLurisBer,minute
JustLurisBer,lastkings
JustLurisBer,tight
JustLurisBer,lyricsthatneedtobeshouted
JustLurisBer,holdtightonitunes
hikmettasin,free
hikmettasin,csrclassics
Angela_Rs_,song
Angela_Rs_,year
Angela_Rs_,good
Djcosmicdave,like
Djcosmicdave,free
JOIN_team_HUMAN,business
JOIN_team_HUMAN,business
JOIN_team_HUMAN,design
JOIN_team_HUMAN,design
JOIN_team_HUMAN,innovation
rashardNAMUH,business
rashardNAMUH,business
rashardNAMUH,design
rashardNAMUH,design
rashardNAMUH,innovation
WeAdore5H,go
WeAdore5H,give
AJLuffred,happy
AJLuffred,voice
loop_news,offer
talmt34,app
CPage2,offer
neonzbieber,waitforaminute
neonzbieber,holdtight
bettyteh,may
bettyteh,waitingtobesurprise
bettyteh,notanupgradeproduct
bettyteh,icantwait
girlyoumine,song
girlyoumine,waitforaminute
_JustCatchMe,go
IPAD_OWNER,see
IPAD_OWNER,touch
IPAD_OWNER,ipad
IPAD_OWNER,ipad
IPAD_OWNER,gold
IPAD_OWNER,retina
princekiemy,nowplaying
MBieberJustinD,waitforaminute
MBieberJustinD,holdtight
wkarpowski,space
wkarpowski,smurfsvillage
wkarpowski,take
Jnkdrew,song
Jnkdrew,waitforaminute
Jnkdrew,clubsmash
OnlyNewsFeed,cook
OnlyNewsFeed,left
OnlyNewsFeed,stage
OnlyNewsFeed,tech
mashablesite,cook
mashablesite,left
mashablesite,stage
drewcrazier,song
drewcrazier,waitforaminute
drewcrazier,clubsmash
1DirectionMar,morning
1DirectionMar,buyyntsly
ApriliaEkaa_,go
ApriliaEkaa_,minute
ApriliaEkaa_,lastkings
LovatoCrowd,like
LovatoCrowd,buyletitgoonitunes
hookerrbieber,minute
hookerrbieber,tight
hookerrbieber,buywaitforaminuteonitunes
hookerrbieber,buyhold
NikolinaSarusic,like
NikolinaSarusic,go
NikolinaSarusic,holdtight
NikolinaSarusic,room
NikolinaSarusic,turn
NikolinaSarusic,word
NikolinaSarusic,musicmondays
NikolinaSarusic,slowdown
dc82204,music
dc82204,need
dc82204,list
dc82204,impressive
sayitaintpaige,run
kidrxwll,song
kidrxwll,waitforaminute
kidrxwll,waitforaminute
kidrxwll,clubsmash
kidrxwll,holdtight
LisbethVargas29,waitforaminute
LisbethVargas29,holdtight
LesSavoies,pie
LesSavoies,beautiful
LesSavoies,morning
LesSavoies,fall
carlosmanuelgma,cook
carlosmanuelgma,cook
carlosmanuelgma,left
carlosmanuelgma,stage
carlosmanuelgma,like
carlosmanuelgma,much
Madunks,work
rini0405,level
rini0405,farm
davidahouse,take
davidahouse,house
Killuminati2k,price
Killuminati2k,young
Killuminati2k,realmusic
Killuminati2k,goodmusic
jsnell,talk
nilfred89,language
nilfred89,language
nilfred89,mac
nilfred89,osx
nilfred89,common
nilfred89,chinese
kaylaxox01,spice
handtcupcakes,watch
handtcupcakes,great
handtcupcakes,simple
naomiyoungmusic,onion
naomiyoungmusic,healthy
naomiyoungmusic,healthy
naomiyoungmusic,tomato
choojenshin,ipad
choojenshin,wwdc
choojenshin,keynote
choojenshin,thenew
avons_swag,waitforaminute
ElectroLatino_,general
ElectroLatino_,spotlight
TheBestOoYes,gotthatjuice
SplashHabit,cook
SplashHabit,cook
SplashHabit,left
SplashHabit,stage
SplashHabit,like
SplashHabit,mashable
vourcetech,see
ParkmanJurassic,free
ParkmanJurassic,csrclassics
WELOVEASERE,general
WELOVEASERE,spotlight
lexuch,highschooldreamz
lexuch,realized
lexuch,soexcited
lexuch,morethanforeverclear
sandraflood94,education
sandraflood94,education
sandraflood94,edtech
sandraflood94,ios
sandraflood94,cool
avontslayer,waitforaminute
avontslayer,waitforaminute
avontslayer,holdtight
Blessbelieber,song
Blessbelieber,waitforaminute
LizzaTantricha,move
LizzaTantricha,move
LizzaTantricha,salute
ehadsbeauty,music
ehadsbeauty,music
ehadsbeauty,store
ehadsbeauty,technology
ehadsfashion,music
ehadsfashion,music
ehadsfashion,store
ehadsfashion,technology
KidrauhlPug,waitforaminute
warobotjp,top
AlphabetSoupPod,week
AlphabetSoupPod,podcast
BeMyFriendJDrew,song
BeMyFriendJDrew,waitforaminute
BeMyFriendJDrew,clubsmash
STWForum,talk
ehadsentertain,music
ehadsentertain,music
ehadsentertain,store
ehadsentertain,technology
ehadsgossip,music
ehadsgossip,music
ehadsgossip,store
ehadsgossip,entertainment
Ford_Fan_Star,cook
Ford_Fan_Star,left
Ford_Fan_Star,stage
sfibuenaventura,song
sfibuenaventura,waitforaminute
sfibuenaventura,clubsmash
ehadshealth,music
ehadshealth,music
ehadshealth,store
ehadshealth,technology
BeckiJClark,stop
BeckiJClark,moose
Ziefa_Zhanaaa,butter
ColtonPaynes,store
ColtonPaynes,meeting
ZaileyLuv,song
ZaileyLuv,waitforaminute
ZaileyLuv,clubsmash
ehadshorosos,music
ehadshorosos,music
ehadshorosos,store
ehadshorosos,technology
danny_taylor68,cook
danny_taylor68,left
danny_taylor68,stage
HishamAlfuradi,free
HishamAlfuradi,csrracing
INSPIREHEADS,cook
INSPIREHEADS,left
INSPIREHEADS,stage
jadeflywithme,move
jadeflywithme,move
jadeflywithme,salute
xhoranfuture,store
BiebsNugget,song
BiebsNugget,waitforaminute
BiebsNugget,clubsmash
BieberDream_NSN,waitforaminute
BieberDream_NSN,holdtight
Landaburu_Anto,general
Landaburu_Anto,general
Landaburu_Anto,spotlight
Landaburu_Anto,spotlight
LornaVanBaar,happy
LornaVanBaar,fixed
LornaVanBaar,old
LornaVanBaar,bit
LornaVanBaar,smash
LornaVanBaar,smash
LornaVanBaar,glass
LornaVanBaar,glass
ehadsmusic,music
ehadsmusic,music
ehadsmusic,store
ehadsmusic,technology
Apple_iStu,sleep
staceybarnfield,second
staceybarnfield,birminghamday
staceybarnfield,bhampostdaily
beliebingalwayz,foreword
beliebingalwayz,number
DatBoY_Scrap,app
__mariaesther,minute
__mariaesther,tight
HeffaDink,copy
HeffaDink,support
HeffaDink,icecreameveryday
ordinaryfitness,truefact
ehadssports,music
ehadssports,music
ehadssports,store
ehadssports,technology
RattPack_Ford,go
RattPack_Ford,music
RattPack_Ford,make
RattPack_Ford,good
ElliAggelaki,song
ElliAggelaki,year
ElliAggelaki,good
francyCorner90,start
francyCorner90,education
francyCorner90,education
francyCorner90,learning
francyCorner90,learning
francyCorner90,learning
francyCorner90,osx
francyCorner90,edtech
francyCorner90,well
styles_kitten69,store
HomeofRobinHood,tree
HomeofRobinHood,horse
ehadstech,music
ehadstech,music
ehadstech,store
ehadstech,technology
nchanxpandora,morning
nchanxpandora,buyyntsly
LittleMonsterA5,dowhatuwant
jumz1jimmy,store
jumz1jimmy,hate
trinimommy,smurfsvillage
JustinL,free
JustinL,guessthemovie
cblansett,free
cblansett,csrclassics
Lasocqa383,go
Lasocqa383,holdtight
Lasocqa383,room
Lasocqa383,turn
Lasocqa383,word
Lasocqa383,musicmondays
Gamzeforever,morning
Gamzeforever,buyyntsly
LeonieVallance,watch
TheScarbro,like
geoff_deweaver,west
belongvatoddl,go
dancewithmedrew,morning
dancewithmedrew,buyyntsly
praisetruth,black
demidiario,madeintheusa
demidiario,madeintheusa
demidiario,madeintheusa
sixboys2me,holdtight
BiebsAvonStar,song
BiebsAvonStar,waitforaminute
BiebsAvonStar,clubsmash
_JBakaMyHero,song
_JBakaMyHero,waitforaminute
ultra_Lauren,tech
itsjdbsmgddl,song
itsjdbsmgddl,waitforaminute
itsjdbsmgddl,clubsmash
tastyfruits8,smurfsvillage
tastyfruits8,part
tastyfruits8,healthy
J_McIlwaine,start
J_McIlwaine,year
danilo_torrespr,free
danilo_torrespr,csrclassics
ostaz4u,countrymusic
ostaz4u,rock
BitchBelieber86,go
BitchBelieber86,tight
BitchBelieber86,lyricsthatneedtobeshouted
BitchBelieber86,holdtightonitunes
snuggb,space
snuggb,smurfsvillage
snuggb,take
fastovst,free
fastovst,csrclassics
justinmoorhouse,box
BTEdmonton,watch
BTEdmonton,great
sarat_53,together
JeddJohnson1,go
2CC,put
2CC,canberra
bieberartistic,go
bieberartistic,holdtight
villegcm,love
ThanasoulasGr,free
ThanasoulasGr,join
ThanasoulasGr,csrracing
mahomibieber,morning
mahomibieber,buyyntsly
neojemb,top
mjoswald14,go
marybartz,waitforaminute
marybartz,holdtight
jbeurope_sophia,song
jbeurope_sophia,waitforaminute
jbeurope_sophia,waitforaminute
4yusuf,bad
damntulisa,morning
damntulisa,buyyntsly
whatisunionj,top
whatisunionj,top
whatisunionj,week
whatisunionj,keep
whatisunionj,support
whatisunionj,number
whatisunionj,downloa
whatisunionj,come
shannonangelxx,morning
shannonangelxx,buyyntsly
bieberrgirl11,waitforaminute
bieberrgirl11,waitforaminute
bieberrgirl11,waitforaminute
bieberrgirl11,go
bieberrgirl11,go
bieberrgirl11,holdtight
bieberrgirl11,holdtight
bieberrgirl11,minute
bieberrgirl11,lastkings
thatonechickT,store
thatonechickT,play
thatonechickT,darksummoner
JadeyBird1234,go
gyunyu6969,pocket
danijela_tatic,song
danijela_tatic,waitforaminute
danijela_tatic,clubsmash
debasish_paul,top
debasish_paul,back
unal_akkaya,free
unal_akkaya,csrclassics
thefraudcast,rate
thefraudcast,fraudcast
annako82,space
annako82,smurfsvillage
tampajhs,question
Elena_Belieber6,song
Elena_Belieber6,waitforaminute
swagbiebas,waitforaminute
swagbiebas,holdtight
LaurieMichelle0,waitforaminute
LuminousROC,cook
LuminousROC,left
LuminousROC,stage
Ec_Dmn,free
Ec_Dmn,csrclassics
berfindmn,waitforaminute
danita_kro,song
danita_kro,waitforaminute
minigamedev,much
minigamedev,see
minigamedev,news
minigamedev,nokia
genesisesperan3,waitforaminute
genesisesperan3,holdtight
LorineChia,support
LorineChia,nakedtruths
kenziemason0619,song
kenziemason0619,waitforaminute
kenziemason0619,clubsmash
Nicky_Painter,shit
Nicky_Painter,hell
Nicky_Painter,niceone
Belieber_505,song
Belieber_505,waitforaminute
Belieber_505,waitforaminute
Belieber_505,holdtight
TBozalanlar,holdtight
MOBYICC,smurfsvillage
Likeabrilliant,waitforaminute
Likeabrilliant,holdtight
beliebe65075559,waitforaminute
beliebe65075559,holdtight
Moha_alz,app
KidrauhlsLily,song
KidrauhlsLily,waitforaminute
DaBiebssSmile,waitforaminute
DaBiebssSmile,waitforaminute
DaBiebssSmile,go
DaBiebssSmile,holdtight
DaBiebssSmile,minute
DaBiebssSmile,lastkings
MNLO_ARTPOP,dowhatuwant
SubhuTech,cook
SubhuTech,cook
SubhuTech,left
SubhuTech,stage
SubhuTech,like
SubhuTech,timcook
BeatriceFavero,go
RetweetPhoenix,music
RetweetPhoenix,music
RetweetPhoenix,store
Computer_ID,music
Computer_ID,music
Computer_ID,store
Computer_ID,applenews
RT_SocialMedia,left
RT_SocialMedia,stage
RT_SocialMedia,timcook
BOE2186,cook
BOE2186,left
BOE2186,stage
vivianaaa94,waitforaminute
vivianaaa94,waitforaminute
vivianaaa94,holdtight
CMU,store
VioletaXhota,song
VioletaXhota,waitforaminute
VioletaXhota,clubsmash
MartitaPereiro,song
MartitaPereiro,waitforaminute
MartitaPereiro,clubsmash
jdrobbin,top
jdrobbin,cnet
Kristin_itsme,dailyquote
Kristin_itsme,quality
Kristin_itsme,person
OFFICIALBIGAL,morning
OFFICIALBIGAL,support
OFFICIALBIGAL,good
beth_flaten,top
bloopbloooop,sweet
andrea_sabri,much
andrea_sabri,shit
andrea_sabri,fuck
AgathaCMoi_,waitforaminute
AgathaCMoi_,waitforaminute
AgathaCMoi_,go
AgathaCMoi_,holdtight
AgathaCMoi_,tight
AgathaCMoi_,lyricsthatneedtobeshouted
AgathaCMoi_,holdtightonitunes
gibbo_1711,pie
gibbo_1711,middle
harrisonppr,top
harrisonppr,back
Jaggyp23,like
Jaggyp23,quiet
Jaggyp23,stomach
Jaggyp23,loud
Jordan_TecMill,store
atif_a_akram,top
atif_a_akram,month
BluegumGifts,school
BluegumGifts,tree
BluegumGifts,idea
BluegumGifts,incredibleedible
BluegumGifts,ramsbottom
jaaaybaybayy,go
jaaaybaybayy,number
jaaaybaybayy,number
dirckxd,offer
simon__bell,store
simon__bell,white
simon__bell,air
simon__bell,poor
elwiniar,morning
elwiniar,buyyntsly
kidrauhlbabbyyy,song
kidrauhlbabbyyy,waitforaminute
kidrauhlbabbyyy,waitforaminute
kidrauhlbabbyyy,waitforaminute
kidrauhlbabbyyy,clubsmash
kidrauhlbabbyyy,holdtight
sonar_guy,top
sonar_guy,cnetnews
lyricmoeke,much
lyricmoeke,shit
lyricmoeke,fuck
Irene_cooks,space
Irene_cooks,go
Irene_cooks,cat
B_TheSkyIsBlue,move
B_TheSkyIsBlue,move
B_TheSkyIsBlue,salute
colormaster_inc,colorful
brunoshats,go
brunoshats,minute
brunoshats,lastkings
cytasupport,go
cytasupport,control
cytasupport,ios
cytasupport,cytatips
SpainDrewJB,go
SpainDrewJB,minute
SpainDrewJB,lastkings
lifedemibieber,holdtight
lifedemibieber,right
lifedemibieber,well
lifedemibieber,filmfriday
avonskissx,waitforaminute
avonskissx,holdtight
Hasoonzii74,watch
Hasoonzii74,bigday
i0livier,offer
HomemadeCraving,pork
RukavinaBarbara,waitforaminute
aayebrenda,cherry
aayebrenda,dinner
LexiLive,nowplaying
LexiLive,church
moneysavvydna,free
moneysavvydna,csrclassics
FNuttavit,free
FNuttavit,csrclassics
vitodipiano,free
vitodipiano,csrclassics
vitodipiano,level
vitodipiano,every
AdeleG37,well
AdeleG37,bright
AdeleG37,side
AdeleG37,key
AdeleG37,note
pointiflex,touch
pointiflex,come
mikbre,kind
mikbre,night
Afulton2010,cook
Afulton2010,cook
Afulton2010,left
Afulton2010,stage
Afulton2010,like
Afulton2010,much
_girl0_0,song
_girl0_0,waitforaminute
_girl0_0,clubsmash
steffanieetje,farm
steffanieetje,knowledge
digitalboneASIA,cook
digitalboneASIA,left
digitalboneASIA,stage
upyboby,free
upyboby,csrclassics
upyboby,level
upyboby,every
QueenStarRuane,dowhatuwant
ecua515,smurfsvillage
ecua515,island
VictoriaMack823,fall
VictoriaMack823,fall
shanehawkk,offer
MissBieber_97,beautiful
JustinSmile_SS,song
JustinSmile_SS,waitforaminute
JustinSmile_SS,clubsmash
PaulaJubilee,go
PaulaJubilee,free
PaulaJubilee,friend
PaulaJubilee,singleoftheweek
PaulaJubilee,riptide
jb_mopsos,waitforaminute
MuszkaJade,move
MuszkaJade,move
MuszkaJade,salute
minakaramercan,go
minakaramercan,minute
minakaramercan,lastkings
cfreligh,year
cfreligh,late
Megachrist,make
Megachrist,till
Megachrist,ipad
Jonny_Walker89,free
Jonny_Walker89,csrclassics
Jonny_Walker89,paintjob
Scotty_willies,store
Scotty_willies,open
Scotty_willies,book
Scotty_willies,use
Scotty_willies,learning
Scotty_willies,bit
selenavdp,cook
selenavdp,left
selenavdp,stage
AlexandVEVO,cook
AlexandVEVO,left
AlexandVEVO,stage
AlexandVEVO,teamfollowback
Donj4y,join
Donj4y,wave
doubrae,much
ambswarren,wholelotofwater
ThomasMielke,nowplaying
jasonbellini,wet
andreasana81,smurfsvillage
andreasana81,play
andreasana81,help
LuisJNunez,move
LuisJNunez,put
naaochin0420,midnightmemories
LadiesofTwit,ladiesoftwit
WhatAboutSoul,free
WhatAboutSoul,see
WhatAboutSoul,great
Receo1on1,free
Receo1on1,csrclassics
Receo1on1,level
Receo1on1,every
biebergoldstar,song
biebergoldstar,waitforaminute
biebergoldstar,clubsmash
jdrxwsb,waitforaminute
jdrxwsb,holdtight
GinsburgJobs,word
Orianebelieber2,go
Orianebelieber2,holdtight
Orianebelieber2,room
Orianebelieber2,turn
Orianebelieber2,word
Orianebelieber2,musicmondays
diegorferioli,free
diegorferioli,csrclassics
ItalianAB,copy
ItalianAB,special
ItalianAB,onedayremains
hannah_pajic,smurfsvillage
Matina_Belieber,song
Matina_Belieber,waitforaminute
Matina_Belieber,clubsmash
PerrieIsADream,move
PerrieIsADream,move
PerrieIsADream,salute
SolomonEvents,money
SolomonEvents,everymilematters
TheBiebahQueen,waitforaminute
azra_fazlin,top
azra_fazlin,look
luvmymadeline,like
luvmymadeline,holdtight
luvmymadeline,holdtight
luvmymadeline,musicmondays
luvmymadeline,newmusic
BeenHereSince09,song
BeenHereSince09,waitforaminute
BeenHereSince09,clubsmash
skylerhoranhugs,move
skylerhoranhugs,move
skylerhoranhugs,salute
TiaraTiararatu,thekey
TiaraTiararatu,inmydreams
liveforpll,song
liveforpll,waitforaminute
liveforpll,waitforaminute
liveforpll,holdtight
JenifferGMR87,space
JenifferGMR87,space
JenifferGMR87,ready
JenifferGMR87,smurfsvillage
JMonzer,cook
JMonzer,left
JMonzer,stage
barryaustin316,free
barryaustin316,csrclassics
ItsPrinceBiebs,song
ItsPrinceBiebs,waitforaminute
ItsPrinceBiebs,clubsmash
navroopsingh,line
navroopsingh,come
navroopsingh,tattikhulkejameinufr
VickkyyRuiizz,foreword
VickkyyRuiizz,newmusic
VickyJWood,much
VickyJWood,love
VickyJWood,act
ShehynM,move
ShehynM,move
ShehynM,salute
AtbHm,app
TodaysiPhone,news
TodaysiPhone,good
TodaysiPhone,offer
_TNews,tech
_TNews,offer
penta0301,copy
penta0301,willow
penta0301,willow
penta0301,underthewillowtreeep
gcaughey,much
gcaughey,see
gcaughey,news
gcaughey,nokia
lordbayron_1,top
SarahKahwaji,cook
SarahKahwaji,left
SarahKahwaji,stage
tiaimi,free
tiaimi,csrclassics
bieberslifeee,song
bieberslifeee,waitforaminute
bieberslifeee,clubsmash
Azisbayor,like
Azisbayor,free
Azisbayor,cinime
ArsenalReviewUS,top
ArsenalReviewUS,far
ArsenalReviewUS,arsenal
obrown91,cook
obrown91,left
obrown91,stage
RonanJQuinn,business
Love4Technology,top
YUPALULU,nowplaying
ash_chidambaram,waitforaminute
ash_chidambaram,holdtight
KellyKelly_NEWs,go
WMChristianNews,watch
FaisalX717,free
FaisalX717,join
FaisalX717,csrracing
sanchez125ss,free
sanchez125ss,csrclassics
mytweepit,cook
mytweepit,left
mytweepit,stage
mytweepit,mashable
mytweepit,kot
RebeccaMelgaard,move
RebeccaMelgaard,move
RebeccaMelgaard,salute
HowToReports,business
HowToReports,great
bay_bug,waitforaminute
bay_bug,waitforaminute
bay_bug,holdtight
febe_13,waitforaminute
febe_13,holdtight
tim_maliyil,watch
wallypons,make
jbvtools,top
jbvtools,education
jbvtools,education
jbvtools,osx
jbvtools,cool
jbvtools,sayings
luschkas,go
youngbloodtim,watch
louisianiall,move
louisianiall,move
louisianiall,salute
JMConstruction,news
JMConstruction,tiger
mars_on_world,music
mars_on_world,music
mars_on_world,itunes
mars_on_world,berry
mars_on_world,sound
mars_on_world,sound
mars_on_world,jp
mars_on_world,information
jenny_linaa,song
jenny_linaa,waitforaminute
AMReveron,cook
AMReveron,left
AMReveron,stage
lisabriercliffe,cook
lisabriercliffe,left
lisabriercliffe,stage
Uchupi,use
Uchupi,card
Uchupi,fantasica
FreshStartupNew,watch
Camila_Bieberrr,waitforaminute
Camila_Bieberrr,holdtight
richygymnastics,free
richygymnastics,csrclassics
justinlovelyx,waitforaminute
justinlovelyx,holdtight
vikutesab,care
vikutesab,fall
vikutesab,funwithmovelyrics
vikutesab,preordermove
AllanJay101,copy
AllanJay101,well
BakingLeader,lovebaking
MarcelMoadam,cook
MarcelMoadam,left
MarcelMoadam,stage
nedimtaskara,free
nedimtaskara,csrclassics
xjuth,waitforaminute
MarkLaViolette,cook
MarkLaViolette,left
MarkLaViolette,stage
XavBueno,free
XavBueno,csrclassics
NajwaElzoghbi,cook
NajwaElzoghbi,left
NajwaElzoghbi,stage
Lugokarina1,buonnatale
TaraMalta,cook
TaraMalta,left
TaraMalta,stage
RedMapleExLT,top
RalfHakim,cook
RalfHakim,left
RalfHakim,stage
SamZises,little
ImpressionsWHQ,cook
ImpressionsWHQ,left
ImpressionsWHQ,stage
selenandbtr,like
selenandbtr,slowdown
A_alaskaar,free
A_alaskaar,csrclassics
GDBieber_Swag_,waitforaminute
GDBieber_Swag_,holdtight
doodles357,smurfsvillage
doodles357,way
man990man,app
ZambaHansson,waitforaminute
ZambaHansson,holdtight
Saamsockk,free
Saamsockk,level
Saamsockk,house
Saamsockk,design
Saamsockk,design
Saamsockk,designthishome
lydiajeals,iconpopquiz
MathildeLove1D,move
MathildeLove1D,move
MathildeLove1D,salute
Tlsenter,space
Tlsenter,space
Tlsenter,smurfsvillage
jdbaubrey,go
jdbaubrey,tight
jdbaubrey,holdtightonitunes
NothingLikeeJB,song
NothingLikeeJB,waitforaminute
blakehill,record
blakehill,thing
1DInfectionMNL,store
torontojustin_b,song
torontojustin_b,waitforaminute
torontojustin_b,waitforaminute
torontojustin_b,clubsmash
torontojustin_b,holdtight
PraewSarinya,song
PraewSarinya,waitforaminute
popfan18,stop
azrazrazrazr,tweepr
3SBarbe,cover
3SBarbe,onemorething
iphoneincanada,special
roncasey,make
GantShirley,store
caaroencina,move
caaroencina,move
caaroencina,salute
All_Trends_IT,cook
All_Trends_IT,left
All_Trends_IT,stage
appleinsider,music
appleinsider,store
appleinsider,store
exiledsurfer,book
HenryFraser2,right
HenryFraser2,business
HenryFraser2,business
HenryFraser2,money
HenryFraser2,money
HenryFraser2,eye
HenryFraser2,investor
HenryFraser2,stocks
HenryFraser2,trading
cay_thizzlee,much
cay_thizzlee,shit
cay_thizzlee,fuck
LennonTribute,cook
LennonTribute,left
LennonTribute,stage
Dlewis413x,smurfsvillage
Dlewis413x,fall
Dlewis413x,game
LizbethBieber26,song
LizbethBieber26,waitforaminute
rojas_jun,smurfsvillage
rojas_jun,complete
momotoronto,wall
momotoronto,mobile
momotoronto,startup
georgymm,cook
georgymm,left
georgymm,stage
CheastyXD,every
CheastyXD,surprise
SanchezRaissa,space
SanchezRaissa,smurfsvillage
kylesturgeon,music
kylesturgeon,music
kylesturgeon,store
9Janan,waitforaminute
The_JamesJordan,boy
The_JamesJordan,playboybunny
ThereseBelieber,tight
ThereseBelieber,buyholdtightonitunes
ChrisBrads1,cook
WAZAP242,like
Keepbelieving0,waitforaminute
Keepbelieving0,holdtight
TWEgang,underappreciated
apple____user,see
apple____user,night
TechL0G,networkwifi
wdbthree,thing
wdbthree,surprise
wdbthree,market
urbanharp,top
MassimoPerversi,responsible
MassimoPerversi,almost
martinaa_xx,song
martinaa_xx,waitforaminute
Maud_LLZHN,go
PokeEmulation,news
PokeEmulation,good
PokeEmulation,offer
AlmaVH,word
windziam,way
windziam,long
windziam,heartattack
windziam,heartattack
0ntar1o,waitforaminute
0ntar1o,holdtight
ilovemyromania,love
ilovemyromania,support
ilovemyromania,voice
ilovemyromania,getjamesa
jkasdsa,holdtight
BieberReyhan,song
BieberReyhan,waitforaminute
BieberReyhan,clubsmash
DhiparDhip,waitforaminute
DhiparDhip,holdtight
MyMojo__SoDope,word
YoukidrauhlTube,waitforaminute
YoukidrauhlTube,music
iM0hamed,music
iM0hamed,store
iM0hamed,store
iM0hamed,itunes
iM0hamed,ipod
NewsFromiTunes,go
mikeadams504,happy
mikeadams504,news
mikeadams504,ipadday
prettyme_alfie,go
prettyme_alfie,well
prettyme_alfie,teaching
prettyme_alfie,fly
melvincredible,store
wreckingballxx,love
wreckingballxx,girl
wreckingballxx,great
wreckingballxx,great
bmw_free,cook
bmw_free,left
bmw_free,stage
Gumbletech,support
Gumbletech,push
Gumbletech,public
avalonmarga,start
avalonmarga,year
datrauhlingkid,waitforaminute
datrauhlingkid,holdtight
ElizabethGahert,song
ElizabethGahert,waitforaminute
ElizabethGahert,clubsmash
Stellate23,cook
Stellate23,left
Stellate23,stage
iOS_Soundboards,baby
iOS_Soundboards,baby
iOS_Soundboards,baby
iOS_Soundboards,app
iOS_Soundboards,keep
iOS_Soundboards,infant
iOS_Soundboards,child
