mrssbiiebberr,song
mrssbiiebberr,waitforaminute
mrssbiiebberr,clubsmash
GuadalupeTavrs,song
GuadalupeTavrs,song
GuadalupeTavrs,waitforaminute
GuadalupeTavrs,waitforaminute
GuadalupeTavrs,waitforaminute
GuadalupeTavrs,clubsmash
GuadalupeTavrs,holdtight
lovatosIaugh,go
okkathok,special
LMixer_x,move
LMixer_x,move
LMixer_x,salute
ai_feed,special
kingkidrauhl__,waitforaminute
Belieber_9834,song
Belieber_9834,waitforaminute
Belieber_9834,clubsmash
Belieber_9834,go
Belieber_9834,go
Belieber_9834,tight
Belieber_9834,lyricsthatneedtobeshouted
Belieber_9834,holdtightonitunes
Belieber_9834,minute
Belieber_9834,lastkings
tradem,book
valitacobos0101,song
valitacobos0101,waitforaminute
Niggachan,play
Niggachan,free
Niggachan,moshimoshikawaii
francyCorner90,test
francyCorner90,reaction
francyCorner90,game
francyCorner90,game
francyCorner90,ios
francyCorner90,retweet
francyCorner90,app
TarikNisanJB,far
TarikNisanJB,holdtight
TarikNisanJB,beliebers
adrianasoza,go
adrianasoza,minute
adrianasoza,lastkings
head9scitech,team
avvwrl,go
avvwrl,store
avvwrl,order
mrjamiejones,free
mrjamiejones,join
mrjamiejones,csrracing
albina_zeciri,song
albina_zeciri,waitforaminute
albina_zeciri,clubsmash
albina_zeciri,go
albina_zeciri,minute
albina_zeciri,lastkings
perriescandies,song
perriescandies,waitforaminute
perriescandies,clubsmash
thatgirlsophie8,song
thatgirlsophie8,waitforaminute
Osamashtaiat,holdtight
Osamashtaiat,holdtight
Osamashtaiat,little
Osamashtaiat,work
Osamashtaiat,right
Osamashtaiat,well
Osamashtaiat,filmfriday
allaboutjdrew,song
allaboutjdrew,waitforaminute
allaboutjdrew,clubsmash
allaboutjdrew,holdtight
renana1d,move
renana1d,move
renana1d,salute
JBlicious2523,move
JBlicious2523,move
JBlicious2523,salute
alwaysconoriana,together
eegloolab,siri
lthom96,go
lthom96,number
lthom96,number
thepowerblogger,free
thepowerblogger,different
JessieDavies1,store
JessieDavies1,may
JessieDavies1,tamping
JessieDavies1,help
JessieDavies1,help
JessieDavies1,ohshit
gsquaredstudios,free
gsquaredstudios,different
GraphicRushDeal,free
GraphicRushDeal,different
BelieberSmge,song
BelieberSmge,waitforaminute
BelieberSmge,clubsmash
creativebeacon,free
creativebeacon,different
addiehayllie,waitforaminute
noktor_news,year
webdesignblog2,free
webdesignblog2,different
iBiebsHappiness,waitforaminute
DaBiebzGalaxy,go
DaBiebzGalaxy,go
DaBiebzGalaxy,holdtight
DaBiebzGalaxy,holdtight
DaBiebzGalaxy,holdtight
DaBiebzGalaxy,love
DaBiebzGalaxy,musicmondays
DaBiebzGalaxy,top
youngmeezy101,much
youngmeezy101,shit
youngmeezy101,fuck
djhounsell,store
djhounsell,take
djhounsell,reflex
FactKINGFacts,healthy
FactKINGFacts,carrot
FactKINGFacts,cucumber
JacquelineD77,use
JacquelineD77,education
JacquelineD77,education
JacquelineD77,learning
JacquelineD77,learning
JacquelineD77,mac
JacquelineD77,osx
JacquelineD77,edtech
JustinBs_Wife,song
JustinBs_Wife,waitforaminute
JustinBs_Wife,waitforaminute
JustinBs_Wife,holdtight
TechManics,store
TechManics,music
TechManics,music
KidrauhlBestest,waitforaminute
KidrauhlBestest,holdtight
0hihaveswag,song
0hihaveswag,waitforaminute
0hihaveswag,clubsmash
KatinaKerimova,song
KatinaKerimova,waitforaminute
KatinaKerimova,clubsmash
gorzholio,go
Oliviaa_Rhoades,waitforaminute
Oliviaa_Rhoades,holdtight
laarinha_,song
laarinha_,waitforaminute
laarinha_,clubsmash
thatismarina,make
thatismarina,copy
thatismarina,foreword
ViraLovesJB,song
ViraLovesJB,waitforaminute
ViraLovesJB,clubsmash
Sofia_alvarez_,place
Sofia_alvarez_,space
Sofia_alvarez_,cut
Sofia_alvarez_,smurfsvillage
Chetan_C07,go
Chetan_C07,year
Chetan_C07,give
Chetan_C07,thing
pobedonosceva,free
pobedonosceva,free
pobedonosceva,join
pobedonosceva,join
pobedonosceva,csrracing
pobedonosceva,csrracing
jaurevato,please
jaurevato,word
AlexanderB1,store
AlexanderB1,music
AlexanderB1,music
biebtw,waitforaminute
biebtw,holdtight
Belieber6Marty,waitforaminute
Belieber6Marty,holdtight
SalimTawk,free
SalimTawk,every
SalimTawk,level
SalimTawk,csrclassics
farhatulmaula,waitforaminute
farhatulmaula,holdtight
FLOORTKM,song
FLOORTKM,waitforaminute
FLOORTKM,go
FLOORTKM,go
FLOORTKM,holdtight
FLOORTKM,minute
FLOORTKM,lastkings
FLOORTKM,filmfridays
FLOORTKM,believemovie
jenn_malcolmm,song
jenn_malcolmm,waitforaminute
jenn_malcolmm,clubsmash
thegert327,free
thegert327,csrclassics
ton_lapin,song
ton_lapin,waitforaminute
ton_lapin,clubsmash
hazybieber,song
hazybieber,waitforaminute
hazybieber,clubsmash
walkslikejadey,go
tinoseeber,special
tinoseeber,tech
MrPhil_Lewis,free
xxKidRauhl08,go
xxKidRauhl08,minute
xxKidRauhl08,lastkings
beliebdreamer,song
beliebdreamer,waitforaminute
beliebdreamer,waitforaminute
beliebdreamer,holdtight
KTLAMorningNews,morning
KTLAMorningNews,news
KTLAMorningNews,ipad
werm37,space
werm37,smurfsvillage
werm37,plant
werm37,moon
macnlourry,together
ddanguyen,tomorrow
IdkILoveJonas,go
BennyTheTechie,watch
TasaTheKing,waitforaminute
TasaTheKing,holdtight
mcorona81,space
mcorona81,space
mcorona81,smurfsvillage
mcorona81,ready
biebers_butera,waitforaminute
rerum_natura,arm
VanjaStojanovsk,waitforaminute
VanjaStojanovsk,holdtight
HealthEugene,finland
HealthEugene,appstore
HealthEugene,socialmedia
mich_cintaa,free
mich_cintaa,csrclassics
23AF,free
23AF,csrclassics
toujoula,top
toujoula,mensakbiznis
ForeverSehan,song
ForeverSehan,waitforaminute
ForeverSehan,clubsmash
Bleau,special
Bleau,watch
muratozakat,responsible
muratozakat,almost
radharamraj,account
radharamraj,bbm
DaBiebzWife_,song
DaBiebzWife_,waitforaminute
DaBiebzWife_,clubsmash
jdbxdrugs,song
jdbxdrugs,waitforaminute
jdbxdrugs,clubsmash
jdbxdrugs,go
jdbxdrugs,minute
jdbxdrugs,lastkings
StephanKuhn,free
StephanKuhn,csrclassics
JimmybJimmybb,free
JimmybJimmybb,csrclassics
DomcaPyszkova,waitforaminute
DomcaPyszkova,holdtight
michelle042820,foreword
michelle042820,underdog
michelle042820,winning
superhighwaymen,look
superhighwaymen,writing
superhighwaymen,nanowrimo
Itz_DonCorleon,free
Itz_DonCorleon,game
Itz_DonCorleon,war
theyloverae_,love
SarahBiiebs,song
SarahBiiebs,waitforaminute
SarahBiiebs,clubsmash
SarahBiiebs,holdtight
SarahBiiebs,holdtight
SarahBiiebs,musicmondays
SarahBiiebs,like
SarahBiiebs,newmusic
caeiro_sol,go
caeiro_sol,minute
caeiro_sol,lastkings
ZIALL_YOU,store
Merthh,make
Merthh,love
Merthh,please
Merthh,need
Merthh,support
_Larreh,go
kidrauhlanarey,go
kidrauhlanarey,holdtight
kidrauhlanarey,musicmondays
kidrauhlanarey,word
kidrauhlanarey,room
kidrauhlanarey,turn
lylaswarrior,please
lylaswarrior,word
ChakraColor,love
ChakraColor,power
ChakraColor,mind
ChakraColor,heart
ChakraColor,heartchakra
Mnsnbieber,waitforaminute
Mnsnbieber,holdtight
graciella94_,fiction
iWillByte,top
steefaanibieber,song
steefaanibieber,waitforaminute
steefaanibieber,waitforaminute
steefaanibieber,clubsmash
steefaanibieber,go
steefaanibieber,minute
steefaanibieber,minute
steefaanibieber,lastkings
steefaanibieber,buywaitforaminuteonitunes
fattydee,bad
abiebercrombie,song
abiebercrombie,waitforaminute
abiebercrombie,waitforaminute
abiebercrombie,clubsmash
abiebercrombie,holdtight
AdorableDL,song
AdorableDL,go
mightymech69,free
mightymech69,whatsthepic
1DJustinDoris,waitforaminute
1DJustinDoris,holdtight
emilyfreedom91,retweet
emilyfreedom91,education
emilyfreedom91,education
emilyfreedom91,learning
emilyfreedom91,learning
emilyfreedom91,osx
emilyfreedom91,edtech
emilyfreedom91,italian
emilyfreedom91,macbook
GOBusinessDaily,news
GOBusinessDaily,news
GOBusinessDaily,business
GOBusinessDaily,business
AlyHeartbreaker,song
AlyHeartbreaker,waitforaminute
ddlpromise,letitgo
ddlpromise,letitgo
ddlpromise,buyletitgoonitunes
ddlpromise,buyletitgoonitunes
souljbs,heart
souljbs,ever
souljbs,broken
marina_jendaya,go
marina_jendaya,minute
marina_jendaya,lastkings
JoLuvsNath,wordofmouth
DanielPink,responsible
DanielPink,almost
NhOxNgOxKuTe,free
NhOxNgOxKuTe,game
NhOxNgOxKuTe,store
borntolovethem,please
borntolovethem,word
camille_bonin,waitforaminute
camille_bonin,holdtight
ZeynepKay0,waitforaminute
ZeynepKay0,holdtight
imisoubu,dailyquote
moniquechantal3,free
moniquechantal3,whostheceleb
marstbirdjcn,song
marstbirdjcn,love
ChrisMartin1971,game
ChrisMartin1971,smurfsvillage
ChrisMartin1971,fall
KissErika3,waitforaminute
KissErika3,go
KissErika3,tight
KissErika3,lyricsthatneedtobeshouted
KissErika3,holdtightonitunes
morganhamler,song
morganhamler,waitforaminute
morganhamler,waitforaminute
morganhamler,go
morganhamler,minute
morganhamler,lastkings
JapanYoshiLOL,poison
JapanYoshiLOL,see
simontay78,dinner
marycrazylovato,move
marycrazylovato,move
marycrazylovato,salute
abduallaah39,smurfsvillage
abduallaah39,island
fifthharmonyy,please
fifthharmonyy,word
bradfordzarry,move
bradfordzarry,move
bradfordzarry,salute
A_Money74,happy
A_Money74,voice
kapirauhl,waitforaminute
kapirauhl,holdtight
thebiebsmiles,holdtight
thebiebsmiles,right
thebiebsmiles,well
thebiebsmiles,filmfriday
682_RECORDS_INC,special
682_RECORDS_INC,columbia
682_RECORDS_INC,charleston
682_RECORDS_INC,capecoral
kiyaraluvjelena,song
kiyaraluvjelena,waitforaminute
kiyaraluvjelena,clubsmash
kiyaraluvjelena,go
kiyaraluvjelena,minute
kiyaraluvjelena,lastkings
alex_hump_33,free
alex_hump_33,free
alex_hump_33,csrclassics
alex_hump_33,csrclassics
GeekAidPC,watch
GeekAidPC,techcrunch
yazmynfronda,copy
yazmynfronda,plane
omarmalsayed,play
CheeHonOnTheGo,cover
makeupfreak,waitforaminute
makeupfreak,holdtight
scotti678,free
scotti678,csrclassics
monkeysuee,play
monkeysuee,smurfsvillage
monkeysuee,help
HazifAI,waitforaminute
creativesparknq,right
creativesparknq,market
DebbieEkaPutri,go
DebbieEkaPutri,love
DebbieEkaPutri,way
DebbieEkaPutri,sweeterthanfiction
stateofjade,move
stateofjade,move
stateofjade,salute
joiseven,together
bigpapi580,free
bigpapi580,csrclassics
UniteOfEdwards,move
UniteOfEdwards,move
UniteOfEdwards,salute
ID16899,store
ID16899,music
ID16899,music
samalbania,game
samalbania,balls
samalbania,second
samalbania,rollapp
atticagambling,go
atticagambling,free
atticagambling,free
atticagambling,app
atticagambling,top
atticagambling,comparison
atticagambling,bookies
atticagambling,download
JakeRecords,need
ciliberti_sabry,song
ciliberti_sabry,waitforaminute
MundialDelPop10,move
MundialDelPop10,move
MundialDelPop10,salute
girlofkidrauhl1,go
girlofkidrauhl1,minute
girlofkidrauhl1,lastkings
cope_48059,game
cope_48059,smurfsvillage
aserendipityspa,red
aserendipityspa,etsymnt
aserendipityspa,redapplecandle
STWForum,talk
drewsmile27,waitforaminute
drewsmile27,holdtight
JUSTEMMAxxx,play
utterlykidrauhl,go
utterlykidrauhl,tight
utterlykidrauhl,lyricsthatneedtobeshouted
utterlykidrauhl,holdtightonitunes
chlorisssss_,copy
chlorisssss_,plane
sweateregui,please
sweateregui,word
Jayden_Lovell,app
shamexfftl,lavida
SourceSwiftFR,go
SourceSwiftFR,love
SourceSwiftFR,way
SourceSwiftFR,sweeterthanfiction
applehot,secret
applehot,history
applehot,forward
JonathonLoh,girl
Jennybieber94,go
Jennybieber94,minute
Jennybieber94,lastkings
keeley_hazell_,broken
keeley_hazell_,white
keeley_hazell_,price
keeley_hazell_,end
IvanF__,free
IvanF__,every
IvanF__,level
IvanF__,csrclassics
bama2537,free
bama2537,join
bama2537,csrracing
thebieberswag11,song
thebieberswag11,waitforaminute
thebieberswag11,clubsmash
raynauhl,waitforaminute
raynauhl,go
raynauhl,tight
raynauhl,lyricsthatneedtobeshouted
raynauhl,holdtightonitunes
raynauhl,holdtight
rjgear30,pork
1Dmyloves_xo,move
1Dmyloves_xo,move
1Dmyloves_xo,salute
levenah,offer
Suzuki_11,answer
Suzuki_11,gorilla
Suzuki_11,attack
Suzuki_11,nowplaying
ACS007112,free
ACS007112,free
ACS007112,csrclassics
ACS007112,csrclassics
Danny_Box07,free
Danny_Box07,free
Danny_Box07,csrclassics
Danny_Box07,csrclassics
Jejwj_,store
SandoraVanessa,much
SandoraVanessa,much
SandoraVanessa,hate
SandoraVanessa,hate
SandoraVanessa,newupdateiphone
SandoraVanessa,newupdateiphone
srbowm75,store
srbowm75,keep
BloombergNews,among
yogaflame01,free
yogaflame01,every
yogaflame01,level
yogaflame01,csrclassics
JDBieberFP,holdtight
jvstinsagb,waitforaminute
AlzSocSWEngland,money
AlzSocSWEngland,society
loudestnoise,pear
Bulk24SMS,make
Bulk24SMS,look
Bulk24SMS,like
auliaarrahman1,eye
auliaarrahman1,cumannanya
fereiramom,app
iremrauhl,waitforaminute
iremrauhl,waitforaminute
iremrauhl,holdtight
DanielWoodJr,free
DanielWoodJr,csrclassics
hunterswag23,song
hunterswag23,waitforaminute
hunterswag23,go
hunterswag23,minute
hunterswag23,lastkings
Silver472,offer
newgadgetorg,market
newgadgetorg,newgadget
EmilYBiebeR_ox,go
EmilYBiebeR_ox,minute
EmilYBiebeR_ox,lastkings
francescodipo,ready
Laaaaaaaaaari_,store
_alessiasuraci,waitforaminute
lilrayray396,free
lilrayray396,csrclassics
martabieber95,holdtight
martabieber95,little
martabieber95,work
selina0830,song
selina0830,waitforaminute
selina0830,clubsmash
NIALLZKATE,train
vormplus,fly
JB_Iloveeyouu,waitforaminute
JB_Iloveeyouu,holdtight
TimTerpeningFL,balance
QonitaSy_,go
secutekidrauhl,waitforaminute
secutekidrauhl,holdtight
AnastasiaPapa_,waitforaminute
AnastasiaPapa_,holdtight
hitbydemi,letitgo
hitbydemi,buyletitgoonitunes
Heey_shawty,song
Heey_shawty,waitforaminute
share_rt,retweet
share_rt,support
share_rt,support
share_rt,left
share_rt,gettinoverit
share_rt,buy
share_rt,share
SwagOnUBiebz,go
SwagOnUBiebz,tight
SwagOnUBiebz,lyricsthatneedtobeshouted
SwagOnUBiebz,holdtightonitunes
MariaMlp31,use
MariaMlp31,smurfsvillage
MariaMlp31,clear
biebsbabes1,waitforaminute
biebsbabes1,holdtight
biebsbabes1,take
biebsbabes1,music
biebsbabes1,foreword
biebsbabes1,foreword
biebsbabes1,love
biebsbabes1,turn
biebsbabes1,plane
ttakeyouzz,waitforaminute
ttakeyouzz,music
lauramr16,go
lauramr16,go
lauramr16,tight
lauramr16,lyricsthatneedtobeshouted
lauramr16,holdtightonitunes
lauramr16,minute
lauramr16,lastkings
Re_tweet_Ru,waitforaminute
Re_tweet_Ru,holdtight
lemot_,store
lemot_,music
lemot_,music
LivingLifeDemi,song
LivingLifeDemi,letitgo
LivingLifeDemi,high
LivingLifeDemi,gobuyletitgoonitunes
gab_car27,go
gab_car27,number
gab_car27,number
breonix,banana
breonix,brotips
TheBridgeDC,come
shawol_yee,shinee
shawol_yee,everybody
louisinkedskin,store
Filmmaker_Seed,free
Filmmaker_Seed,csrclassics
avonsjourney,waitforaminute
avonsjourney,holdtight
artwin1980,join
brazilsil,go
brazilsil,heart
brazilsil,back
brazilsil,brasil
brazilsil,brasil
brazilsil,brazil
brazilsil,brazil
brazilsil,sougofollow
brazilsil,sougofollow
LiveJanuary,smurfsvillage
iJulien_M,ready
2000donghyun,special
derekslaugh,song
derekslaugh,waitforaminute
derekslaugh,clubsmash
IsJelenaBiebers,holdtight
IsJelenaBiebers,buyholdtightonitunes
Lanelle_Ouimet,fruit
conbains,store
myOznet,ipad
Salta_1D_lyte,letitgo
Salta_1D_lyte,buyl
Maryanabittar,waitforaminute
Maryanabittar,holdtight
Maryanabittar,top
Maryanabittar,week
Maryanabittar,filmfridays
WealthWatch,among
Barnes4Laura,long
Barnes4Laura,roll
Barnes4Laura,baptized
BestGamezUp,store
BestGamezUp,music
BestGamezUp,music
ivanaraskatoff,go
ivanaraskatoff,minute
ivanaraskatoff,lastkings
DAVIDDDmedia,among
hxpelesstyles,store
VJTweeting,watch
belieber1606,waitforaminute
belieber1606,go
belieber1606,minute
belieber1606,lastkings
BelieberontheJB,go
BelieberontheJB,tight
BelieberontheJB,holdtight
BelieberontheJB,minute
BelieberontheJB,musicmondays
BelieberontheJB,word
BelieberontheJB,room
BelieberontheJB,turn
BelieberontheJB,buywaitforaminuteonitunes
BelieberontheJB,buyholdtightonitunes
TheRozayNation,go
TheRozayNation,sufferingfromsuccess
xandnotx,stillmyfavoritebrand
_fxlzxh,app
JacobPant,free
JacobPant,csrclassics
b_jones35,space
ParagouldTweets,gct
ParagouldTweets,rotary
_bieberisking,song
_bieberisking,song
_bieberisking,waitforaminute
_bieberisking,waitforaminute
_bieberisking,clubsmash
kkbelieber1,song
kkbelieber1,waitforaminute
kkbelieber1,go
kkbelieber1,minute
kkbelieber1,lastkings
bieberlver13,waitforaminute
bieberlver13,holdtight
DorriOlds,ipad
TessBelieber,waitforaminute
heidi978355,go
heidi978355,love
heidi978355,fiction
heidi978355,way
heidi978355,sweeterthanfiction
wtfslily,waitforaminute
wtfslily,go
wtfslily,holdtight
GCashTP,cut
GCashTP,point
BiebzInLebanon,waitforaminute
BiebzInLebanon,go
BiebzInLebanon,minute
BiebzInLebanon,lastkings
lizasteinhoff,value
heartsbreak3rs,go
heartsbreak3rs,holdtight
heartsbreak3rs,musicmondays
heartsbreak3rs,word
heartsbreak3rs,room
heartsbreak3rs,turn
NdAeloBiebahCs,song
NdAeloBiebahCs,waitforaminute
NdAeloBiebahCs,clubsmash
NdAeloBiebahCs,go
NdAeloBiebahCs,minute
NdAeloBiebahCs,lastkings
Remilekun_S,complete
esra_styles121d,till
ZRodrriguez,song
ZRodrriguez,waitforaminute
ZRodrriguez,clubsmash
ZRodrriguez,go
ZRodrriguez,minute
ZRodrriguez,lastkings
ZRodrriguez,foreword
ZRodrriguez,foreword
ZRodrriguez,foreword
ZRodrriguez,newmusic
ZRodrriguez,change
jsatisfiction,secret
firecracker28,pork
firecracker28,sauce
firecracker28,win
firecracker28,yummy
ilyabirmannet,pear
lovelylips11,free
lovelylips11,csrclassics
islambatariev,free
islambatariev,csrclassics
CumberbatchedIt,benedictcumberbatch
harshu_jb,song
harshu_jb,song
harshu_jb,waitforaminute
harshu_jb,waitforaminute
harshu_jb,waitforaminute
harshu_jb,clubsmash
alexaanddraa_,waitforaminute
MinnesotaMunn,morning
MinnesotaMunn,twolves
MinnesotaMunn,lynx
AfrilliaRatnaf,waitforaminute
AfrilliaRatnaf,holdtight
Tokyo72UK,store
Tokyo72UK,music
Tokyo72UK,music
sixo_ashton,market
TonyTassell,among
FifthHarmony_ID,please
FifthHarmony_ID,word
mlp_Lyna,special
mlp_Lyna,like
mlp_Lyna,hair
DeniseWhite93,game
DeniseWhite93,game
DeniseWhite93,ios
DeniseWhite93,retweet
DeniseWhite93,app
DeniseWhite93,damn
DeniseWhite93,good
Pipsforham,yes
_kiarasavannah,go
_kiarasavannah,minute
_kiarasavannah,lastkings
Geekkyy,ios
Geekkyy,year
Geekkyy,tech
Geekkyy,news
Geekkyy,news
Valentinaa_6,song
Valentinaa_6,waitforaminute
eua_kavid,till
yes_ejay,healthy
yes_ejay,smurfsvillage
yes_ejay,part
MaxivisionEye,eye
MaxivisionEye,care
jokoamko6,free
jokoamko6,csrclassics
LiberateMyi,year
LiberateMyi,tech
geeksntwits,store
geeksntwits,music
geeksntwits,music
geeksntwits,tech
tepha_Malionek,till
ratkutti,book
BadelBrigith,song
BadelBrigith,waitforaminute
BadelBrigith,waitforaminute
BadelBrigith,waitforaminute
BadelBrigith,holdtight
activejdb,song
activejdb,waitforaminute
activejdb,clubsmash
activejdb,holdtight
activejdb,right
activejdb,well
activejdb,filmfriday
HerdmanJohn,join
colxne,song
colxne,waitforaminute
colxne,waitforaminute
colxne,clubsmash
colxne,holdtight
HereComesVi,go
seamana,space
seamana,space
seamana,smurfsvillage
seamana,ready
KidrauhlMy1Love,song
KidrauhlMy1Love,waitforaminute
paramoreisus,make
paramoreisus,tomorrow
paramoreisus,watch
amaliahanum,waitforaminute
amaliahanum,holdtight
sarahsid94,waitforaminute
sarahsid94,waitforaminute
sarahsid94,holdtight
markbates,lunch
its_emily99,song
its_emily99,waitforaminute
FayBieber69,song
FayBieber69,waitforaminute
FayBieber69,waitforaminute
FayBieber69,holdtight
plusyapper1,shit
plusyapper1,shit
plusyapper1,eye
plusyapper1,snake
plusyapper1,bit
cloudbieber,waitforaminute
cloudbieber,waitforaminute
cloudbieber,holdtight
cloudbieber,holdtight
cloudbieber,holdtight
cloudbieber,see
cloudbieber,believemovie
tiojusten,waitforaminute
tiojusten,waitforaminute
tiojusten,holdtight
loveAMADEUS,go
loveAMADEUS,number
loveAMADEUS,number
StockingApple,stocks
KidrauhllsDream,song
KidrauhllsDream,waitforaminute
KidrauhllsDream,clubsmash
DKucherova,special
demixrbr,move
demixrbr,move
demixrbr,salute
maemago08,smurfsvillage
maemago08,complete
girlbelieber27,waitforaminute
girlbelieber27,holdtight
GoulartIzabel,price
GoulartIzabel,end
GoulartIzabel,pin
GoulartIzabel,wall
GoulartIzabel,touch
martinolsen98,free
martinolsen98,every
martinolsen98,level
martinolsen98,csrclassics
perrieoxox,move
perrieoxox,move
perrieoxox,salute
ItsTruuuue,app
JbThaiba,waitforaminute
JbThaiba,go
JbThaiba,go
JbThaiba,go
JbThaiba,tight
JbThaiba,lyricsthatneedtobeshouted
JbThaiba,holdtightonitunes
JbThaiba,holdtight
JbThaiba,holdtight
JbThaiba,holdtight
JbThaiba,holdtight
JbThaiba,take
JbThaiba,musicmondays
JbThaiba,word
JbThaiba,room
JbThaiba,turn
JbThaiba,ever
JbThaiba,head
fatma_alobaidli,healthy
fatma_alobaidli,smurfsvillage
fatma_alobaidli,part
skillzaslaugh,waitforaminute
skillzaslaugh,waitforaminute
skillzaslaugh,holdtight
bobbyedegbo,order
bobbyedegbo,order
bobbyedegbo,take
bobbyedegbo,take
bobbyedegbo,price
bobbyedegbo,price
sandraflood94,education
sandraflood94,education
sandraflood94,learning
sandraflood94,learning
sandraflood94,mac
sandraflood94,osx
sandraflood94,edtech
sandraflood94,help
sandraflood94,russian
natyubidia,waitforaminute
Justinslayskbye,waitforaminute
Justinslayskbye,holdtight
Mike_Ripley,use
Mike_Ripley,way
Mike_Ripley,cable
Mike_Ripley,cordcutters
MrCifci,watch
mobileGuns,may
mobileGuns,ready
mobileGuns,mobileguns
lex_b12,waitforaminute
lex_b12,holdtight
CoreyR897,free
CoreyR897,free
CoreyR897,csrclassics
CoreyR897,csrclassics
FindFollowTweet,ipad
sami9484,free
sami9484,join
sami9484,csrracing
bryxnxxx,fact
smilleeey,minute
ArianeMacena1,song
ArianeMacena1,waitforaminute
rockvatohots,go
Anais_SHTPM,support
Anais_SHTPM,keep
georgelimwk,watch
christianorr89,year
christianorr89,well
christianorr89,duck
christianorr89,water
christianorr89,green
christianorr89,jelly
christianorr89,halloweenparty
jaspre,retrograde
jaspre,nobueno
FinallyInspired,bullshit
FinallyInspired,child
FinallyInspired,china
idkjvstin,waitforaminute
idkjvstin,holdtight
idkjvstin,top
idkjvstin,filmfridays
kdbech4030,morning
kdbech4030,ncis
kdbech4030,itunes
gregneuf,morning
gregneuf,early
gregneuf,line
gregneuf,applestore
gregneuf,nyc
PerriesWishes,move
PerriesWishes,move
PerriesWishes,salute
Tech4Marks,watch
StylersIndo,store
LiveLoveJelena,song
LiveLoveJelena,waitforaminute
LiveLoveJelena,clubsmash
LiveLoveJelena,go
LiveLoveJelena,minute
LiveLoveJelena,lastkings
AdrainWray,among
JBsbaby67,waitforaminute
JBsbaby67,holdtight
MeChooseBieber,waitforaminute
MeChooseBieber,waitforaminute
MeChooseBieber,holdtight
footyDoc,fall
footyDoc,industry
footyDoc,pc
HUGOOLSSON62,free
HUGOOLSSON62,csrclassics
Kidrauhl0056BR,waitforaminute
Kidrauhl0056BR,holdtight
jxnoskiansrauhl,go
jxnoskiansrauhl,tight
jxnoskiansrauhl,lyricsthatneedtobeshouted
jxnoskiansrauhl,holdtightonitunes
flawbieb,waitforaminute
flawbieb,holdtight
bi19co,waitforaminute
bi19co,holdtight
TJtheApple,go
TJtheApple,page
aesivach,free
aesivach,csrclassics
KidrauhlAvonT,song
KidrauhlAvonT,waitforaminute
KidrauhlAvonT,clubsmash
EveInSilence,carrot
EveInSilence,cucumber
EveInSilence,lunch
EveInSilence,onion
EveInSilence,pepper
EveInSilence,lettuce
EveInSilence,mixed
EveInSilence,meal
EveInSilence,net
EdanurAfranur,waitforaminute
EdanurAfranur,holdtight
GinaLoves3J,song
GinaLoves3J,waitforaminute
GinaLoves3J,clubsmash
GinaLoves3J,go
GinaLoves3J,minute
GinaLoves3J,lastkings
liansonline,night
s_soffi,waitforaminute
s_soffi,waitforaminute
s_soffi,holdtight
AdmiringJoshX,way
AdmiringJoshX,beautiful
AdmiringJoshX,beautiful
CobianOlga,free
CobianOlga,level
CobianOlga,house
CobianOlga,design
CobianOlga,design
CobianOlga,designthishome
ilyazipa,free
ilyazipa,csrclassics
owenmcstravick,white
owenmcstravick,silver
owenmcstravick,month
owenmcstravick,ebaymobile
tehekematua,join
tehekematua,join
tehekematua,together
tehekematua,together
tehekematua,card
tehekematua,card
wikad2000,song
wikad2000,waitforaminute
wikad2000,clubsmash
AppliPadTablet,place
eng_bo3law,left
Alliedavis01,play
KatMonon,top
agustinschuck,space
agustinschuck,smurfsvillage
JayTeeSwizzl,free
JayTeeSwizzl,csrclassics
dabjab32,take
dabjab32,space
dabjab32,smurfsvillage
TNND200,song
TNND200,waitforaminute
TNND200,clubsmash
SusanConsults,line
ridhoFernando5,free
ridhoFernando5,csrclassics
CabeDean,free
CabeDean,csrclassics
Payed666,space
Payed666,space
Payed666,smurfsvillage
Payed666,ready
l_lukasz,free
l_lukasz,csrclassics
kjacko007,little
kjacko007,thing
kjacko007,come
kjacko007,yeast
Hooked_on_HECCs,bread
djtonyo,itunes
djtonyo,mouth
Bettylini,move
Bettylini,move
Bettylini,salute
globeinvestor,top
globeinvestor,among
Nayareth_swag1D,song
Nayareth_swag1D,waitforaminute
insanefordemi,go
STWard_Team,girl
STWard_Team,girl
STWard_Team,galwaygirlwardfosterandallen
STWard_Team,galwaygirlwardfosterandallen
Benelson83,watch
_HeavenOfBieber,song
_HeavenOfBieber,waitforaminute
MacNTechs,book
MacNTechs,store
MacNTechs,music
MacNTechs,music
jelieberswhy,song
jelieberswhy,waitforaminute
jelieberswhy,go
jelieberswhy,minute
jelieberswhy,lastkings
BusinessRodrigo,top
KatyDeKidrauhl,waitforaminute
KatyDeKidrauhl,go
KatyDeKidrauhl,holdtight
KatyDeKidrauhl,minute
KatyDeKidrauhl,lastkings
GizemNurBiebs,go
chrissagatsiou,waitforaminute
_zeze_bieber,like
_zeze_bieber,slowdown
lioszik,free
lioszik,every
lioszik,level
lioszik,csrclassics
Dionysialoves1D,move
Dionysialoves1D,move
Dionysialoves1D,salute
believeinmarie,go
believeinmarie,minute
believeinmarie,lastkings
sarah_bella0,song
sarah_bella0,waitforaminute
ami_belieber,song
ami_belieber,waitforaminute
ami_belieber,clubsmash
ami_belieber,go
ami_belieber,minute
ami_belieber,lastkings
Rap_Payne,watch
Rap_Payne,techcrunch
miftachance_,music
miftachance_,writing
SelDiVera,waitforaminute
SelDiVera,holdtight
luuvmybroo,song
luuvmybroo,waitforaminute
luuvmybroo,clubsmash
ouchniallx,song
ouchniallx,waitforaminute
ouchniallx,clubsmash
ouchniallx,go
psl226,free
psl226,csrclassics
GrifFANArmyOFC,music
GrifFANArmyOFC,need
GrifFANArmyOFC,list
GrifFANArmyOFC,impressive
OneAppyMama,free
OneAppyMama,free
OneAppyMama,game
Team_Anita,go
Team_Anita,school
Lil_Balletman,freemusic
Lil_Balletman,freemusic
Lil_Balletman,freemusic
Lil_Balletman,freemusic
SoniaKuran,among
hazrulsaifuddin,healthy
hazrulsaifuddin,healthy
hazrulsaifuddin,fruit
hazrulsaifuddin,fruit
hazrulsaifuddin,green
hazrulsaifuddin,green
hazrulsaifuddin,squaready
hazrulsaifuddin,favourite
hazrulsaifuddin,nice
mblumkin,street
AFR_Albuquerque,technology
HanaAlghazi2001,tweepr
Furlicity,watch
chrisevans937,store
chrisevans937,music
chrisevans937,music
seriousemi,go
Onitael79,store
Onitael79,music
Onitael79,music
swaggy_gabi,waitforaminute
swaggy_gabi,holdtight
fignewtron,news
IkramBiebeu,waitforaminute
throwingbiebs,go
throwingbiebs,minute
throwingbiebs,lastkings
Kidrauhl_love,waitforaminute
Kidrauhl_love,holdtight
exo_nyc,love
exo_nyc,cord
sctan,tomorrow
oniecGRilBieber,holdtight
Synctooth,store
Synctooth,music
Synctooth,music
_ShootDontMiss,love
_ShootDontMiss,fiction
profbanderson,neck
harryblack81,education
harryblack81,education
harryblack81,mac
harryblack81,hindi
harryblack81,backtoschool
screenmagicMM,tech
screenmagicMM,watch
RoberGabrielLBS,go
RoberGabrielLBS,watch
Quentin2201,ready
mzbeeharvey,aca
codyarnold2014,dailyquote
codyarnold2014,river
sexayn,stop
MicaParedesSwag,waitforaminute
MicaParedesSwag,holdtight
amayraniserano,waitforaminute
PaulSMcC,free
PaulSMcC,csrclassics
Lahjussi,ever
Lahjussi,garden
risingboom,word
ramifica_cl,watch
gianlucatweets,ready
basnasa,game
musicaldas,free
musicaldas,csrclassics
raspberrypizza,move
raspberrypizza,move
raspberrypizza,salute
bueatiful_,like
bueatiful_,slowdown
WADDUPMOFOS,together
WADDUPMOFOS,together
WADDUPMOFOS,together
WADDUPMOFOS,love
WADDUPMOFOS,love
WADDUPMOFOS,love
WADDUPMOFOS,harmony
WADDUPMOFOS,harmony
WADDUPMOFOS,harmony
bigdale74,free
bigdale74,csrclassics
GHVillasboas,process
luisana0523,space
luisana0523,smurfsvillage
DiogoSi61066557,free
DiogoSi61066557,every
DiogoSi61066557,level
DiogoSi61066557,csrclassics
al_3nud,app
JB_259,game
afirmerreality,snake
afirmerreality,snake
itskidrauhlbruh,waitforaminute
itskidrauhlbruh,holdtight
Maya_Haase,move
Maya_Haase,move
Maya_Haase,salute
mvlovatic,go
Zeloxxs02,holdtight
BieberDeciree03,waitforaminute
BieberDeciree03,holdtight
AtecAirandHeat,fall
GadgetCraze,watch
Cityman12,important
Rocky_inDelhi,watch
SwagVasquez,waitforaminute
SwagVasquez,holdtight
Choi1325,move
Choi1325,move
Choi1325,salute
bieberswagcami,song
bieberswagcami,waitforaminute
446699suodla,free
446699suodla,csrclassics
446699suodla,paintjob
LexaMarini,waitforaminute
LexaMarini,waitforaminute
LexaMarini,go
LexaMarini,holdtight
LexaMarini,minute
LexaMarini,lastkings
KingMoeMoney,cheese
tina_biebs14,song
tina_biebs14,waitforaminute
tina_biebs14,waitforaminute
tina_biebs14,clubsmash
tina_biebs14,holdtight
FifiKunzz,come
Palvindbx,go
Palvindbx,tight
Palvindbx,lyricsthatneedtobeshouted
Palvindbx,holdtightonitunes
Palvindbx,holdtight
Palvindbx,number
Palvindbx,keep
simrenbieber,song
simrenbieber,waitforaminute
simrenbieber,clubsmash
simrenbieber,go
simrenbieber,minute
simrenbieber,lastkings
swiftieswithtay,fiction
juacolol,free
juacolol,free
juacolol,csrclassics
juacolol,csrclassics
_HazzaSmilezz_,move
_HazzaSmilezz_,move
_HazzaSmilezz_,salute
TrendsNG,watch
TrendsNG,techworld
TrendsNG,trendsng
Dilyana15,waitforaminute
Dilyana15,holdtight
Mrs_Bieber4JB,waitforaminute
Mrs_Bieber4JB,go
Mrs_Bieber4JB,holdtight
Mrs_Bieber4JB,holdtight
Mrs_Bieber4JB,holdtight
mhdFATHANUWAR,heart
mhdFATHANUWAR,library
TheOfficialAsma,like
bieberfbrasil,tight
bieberfbrasil,minute
bieberfbrasil,buywaitforaminuteonitunes
bieberfbrasil,buyholdtightonitunes
maceybieberr,waitforaminute
maceybieberr,holdtight
mandeeurope,store
mandeeurope,music
mandeeurope,hmv
kkaleczyc,free
kkaleczyc,csrclassics
kkaleczyc,sweetride
cuchis_ec,space
cuchis_ec,smurfsvillage
bollywooduk,happy
JooyceOliveer,song
JooyceOliveer,waitforaminute
JooyceOliveer,clubsmash
vd853,cover
vd853,left
oggabriel98,stop
oggabriel98,moose
scarsad,land
HarbourCoveHHI,tiger
HarbourCoveHHI,group
koko_believe,song
koko_believe,waitforaminute
koko_believe,clubsmash
ehijdrew,go
ehijdrew,tight
ehijdrew,lyricsthatneedtobeshouted
ehijdrew,holdtightonitunes
cmesnaturallys,musicmondays
juice10,office
arvebettum,tech
Biebz_slays1994,song
Biebz_slays1994,waitforaminute
Biebz_slays1994,clubsmash
justinmyworldBT,waitforaminute
justinmyworldBT,waitforaminute
justinmyworldBT,go
justinmyworldBT,tight
justinmyworldBT,lyricsthatneedtobeshouted
justinmyworldBT,holdtightonitunes
justinmyworldBT,holdtight
XxChocobabyxX,fiction
PristineStudios,watch
HendrixsMoney,watch
NisDeda,free
NisDeda,csrclassics
binamurti,song
binamurti,waitforaminute
Psoriasis_Care,black
Psoriasis_Care,amazon
Psoriasis_Care,cell
TheAppleBuzz,watch
_imdcrazyone,ready
meelanb,watch
meelanb,mitportal
lorena__garcia_,cover
lorena__garcia_,price
lorena__garcia_,end
lorena__garcia_,clear
lorena__garcia_,back
lorena__garcia_,front
angelbianca25,song
angelbianca25,waitforaminute
kelly_keely,iconpopquiz
1smurfsmurf1,smurfsvillage
1smurfsmurf1,complete
MariaStaner2,waitforaminute
MariaStaner2,holdtight
selly_mix,move
selly_mix,move
selly_mix,salute
mconsitt16,much
mconsitt16,hate
miyakanicole14,dailylove
Loreen_Mussard,move
Loreen_Mussard,move
Loreen_Mussard,salute
JenBieberMahone,song
JenBieberMahone,waitforaminute
Sheronax,go
Sheronax,minute
Sheronax,lastkings
arianasmoked,song
arianasmoked,waitforaminute
NasserRabia,among
solfulblkcherry,copy
solfulblkcherry,support
solfulblkcherry,icecreameveryday
HaraldSeemann,tiger
HaraldSeemann,group
orgasmyelyah,tight
orgasmyelyah,minute
orgasmyelyah,buywaitforaminuteonitunes
orgasmyelyah,buyholdt
jessica_xd1,waitforaminute
jessica_xd1,holdtight
littledictator,store
littledictator,use
littledictator,hmv
littledictator,building
finessaestgy,may
BattlegrowndENT,music
BattlegrowndENT,download
BattlegrowndENT,itunes
BattlegrowndENT,living
BattlegrowndENT,death
ImBeingABread,waitforaminute
ImBeingABread,holdtight
thebitterguy,thing
thebitterguy,record
avonskdrhl,song
avonskdrhl,waitforaminute
avonskdrhl,waitforaminute
avonskdrhl,waitforaminute
avonskdrhl,clubsmash
avonskdrhl,go
avonskdrhl,holdtight
avonskdrhl,minute
avonskdrhl,lastkings
JordanJarrell96,free
JordanJarrell96,csrclassics
postplus_macapp,song
postplus_macapp,song
postplus_macapp,mac
postplus_macapp,music
postplus_macapp,music
postplus_macapp,macbook
postplus_macapp,experience
postplus_macapp,imac
postplus_macapp,macapp
postplus_macapp,musicpub
LuvUBieber13,waitforaminute
LuvUBieber13,holdtight
NIzzah_1D,song
NIzzah_1D,waitforaminute
NIzzah_1D,clubsmash
NIzzah_1D,go
NIzzah_1D,holdtight
NIzzah_1D,holdtight
NIzzah_1D,musicmondays
NIzzah_1D,musicmondays
NIzzah_1D,word
NIzzah_1D,room
NIzzah_1D,turn
NIzzah_1D,allthatmatters
LeaBaghdadi,waitforaminute
Mary_1D_ddl,go
ckburgess,watch
findrady,free
findrady,sprout
goldenamg_,stick
dianabiebslopez,song
dianabiebslopez,song
dianabiebslopez,waitforaminute
dianabiebslopez,waitforaminute
dianabiebslopez,clubsmash
1105Aline,waitforaminute
1105Aline,holdtight
Apple__JACKS,fucking
Apple__JACKS,shoe
Apple__JACKS,wtf
omer_butnaro,free
omer_butnaro,csrclassics
Mayela211,song
Mayela211,waitforaminute
ssoommeegg,go
ssoommeegg,space
ssoommeegg,cat
Chris_oropeza,girl
Chris_oropeza,galwaygirlwardfosterandallen
rikki7431,responsible
rikki7431,almost
_BeautifulLifee,spice
_BeautifulLifee,start
_BeautifulLifee,starbucks
IAlmostDo_13,fiction
EnzoArellano1,go
EnzoArellano1,go
EnzoArellano1,holdtight
EnzoArellano1,holdtight
EnzoArellano1,take
EnzoArellano1,musicmondays
EnzoArellano1,word
EnzoArellano1,room
EnzoArellano1,turn
EnzoArellano1,ever
EnzoArellano1,head
indiflip,view
matabangmanny,may
matabangmanny,may
InaSuffinaaa,song
InaSuffinaaa,waitforaminute
InaSuffinaaa,waitforaminute
InaSuffinaaa,holdtight
Diana_Valdez165,waitforaminute
Diana_Valdez165,waitforaminute
Diana_Valdez165,waitforaminute
Diana_Valdez165,holdtight
Diana_Valdez165,music
luisfer77146010,free
luisfer77146010,right
YourMastaaa,song
YourMastaaa,love
zhypher_23,join
zhypher_23,waiting
HGSInteractive,flat
_apple_JACKS,year
_apple_JACKS,every
_apple_JACKS,almost
_apple_JACKS,week
tbone3107,free
tbone3107,csrclassics
flukzi69,free
flukzi69,csrclassics
WildanAbdS,year
WildanAbdS,start
T_Sadan12,move
T_Sadan12,move
T_Sadan12,salute
ThirlwallWourld,move
ThirlwallWourld,move
ThirlwallWourld,salute
gamerretro,education
gamerretro,education
gamerretro,learning
gamerretro,mac
gamerretro,russian
gamerretro,backtoschool
gamerretro,great
gamerretro,language
gamerretro,easy
MrAsamoa,store
MrAsamoa,music
MrAsamoa,music
richard_w722,week
richard_w722,sleep
JapanTechFeeds,special
DaleFurr,itunes
DaleFurr,church
Thangtran98,special
Faizfak,phonebloks
SubjectTeachers,tree
AvonrauhlsxX,waitforaminute
AvonrauhlsxX,holdtight
AvonrauhlsxX,keep
futuremgmt,copy
futuremgmt,support
futuremgmt,icecreameveryday
lukestroud1,much
lukestroud1,shit
lukestroud1,fuck
JonathanJamesEv,free
JonathanJamesEv,every
JonathanJamesEv,level
JonathanJamesEv,csrclassics
Weloverydel,together
realjedwards,go
QSAYTHAT,music
QSAYTHAT,music
QSAYTHAT,itunes
QSAYTHAT,purchase
ScanlanDavid,tiger
ScanlanDavid,group
ZoeWashburn1,space
ZoeWashburn1,space
ZoeWashburn1,smurfsvillage
ilovemyiwatch,iwatch
ilovemyiwatch,iwatch
ilovemyiwatch,ux
ilovemyiwatch,concept
ilovemyiwatch,dribbble
karthie,store
AlexCanalesM,holdtight
AlexCanalesM,love
AlexCanalesM,musicmondays
anaraquelarede,song
anaraquelarede,waitforaminute
anaraquelarede,waitforaminute
anaraquelarede,clubsmash
anaraquelarede,holdtight
outsniall,together
elfridayunita_m,holdtight
elfridayunita_m,holdtight
elfridayunita_m,right
elfridayunita_m,well
elfridayunita_m,filmfriday
VampSlay,space
VampSlay,smurfsvillage
Top25songs,minute
Top25songs,top
deycmexrauhlin,holdtight
ValeriyaGomez,like
ValeriyaGomez,slowdown
melinakinni,beautiful
Izul_Nakagawa,gosweatgoion
RobertLynNelson,minute
Ivan77000,free
Ivan77000,csrclassics
CryptoFact,imessage
CryptoFact,encryption
NarrysNard,please
NarrysNard,word
ceciliasprieto,among
strongerauhl,waitforaminute
strongerauhl,holdtight
Ma_Re_Ra,morning
Ma_Re_Ra,honeycrisp
troylovesPOLO,free
troylovesPOLO,csrclassics
tunesmate_app,music
tunesmate_app,iphoneapp
0hhmyidols,song
0hhmyidols,waitforaminute
0hhmyidols,clubsmash
webkenny,yeahright
emilyxox549,side
emilyxox549,pocket
Jay_Perez08,ipad
Jay_Perez08,see
Jay_Perez08,cover
mrsvicibieber,waitforaminute
mrsvicibieber,waitforaminute
mrsvicibieber,holdtight
biebsftcaity,waitforaminute
biebsftcaity,go
biebsftcaity,holdtight
biebsftcaity,minute
biebsftcaity,lastkings
MielaHeartzBieb,song
MielaHeartzBieb,waitforaminute
MielaHeartzBieb,clubsmash
venturagraphics,free
venturagraphics,csrclassics
MagikAlex_,ready
rc_markets,year
rc_markets,start
MaXiia_LoveYou,waitforaminute
MaXiia_LoveYou,holdtight
jamescram,please
jamescram,account
michaelbabad,high
AweenZakri,song
AweenZakri,waitforaminute
AweenZakri,clubsmash
Veronikaa_9,song
Veronikaa_9,waitforaminute
Veronikaa_9,clubsmash
Tmbhlcx,ever
Tmbhlcx,like
Tmbhlcx,wire
Tmbhlcx,wire
Dime_Azh,waitforaminute
Dime_Azh,holdtight
CcCuit90,bananakong
slavedrxws,go
slavedrxws,tight
slavedrxws,minute
carlislemikhail,love
carlislemikhail,instaeffects
carlislemikhail,instaeffects
Liquid_Lip,night
Liquid_Lip,zipfm
mimosabelieber,tight
mimosabelieber,minute
mimosabelieber,buywaitforaminuteonitunes
mimosabelieber,buyholdt
schlondia39,space
schlondia39,smurfsvillage
GaryThomson16,game
GaryThomson16,ready
bieberandemz,waitforaminute
bieberandemz,holdtight
swaggy_biebgirl,waitforaminute
swaggy_biebgirl,waitforaminute
swaggy_biebgirl,holdtight
mariangelamazza,beautiful
jelenaftme,song
jelenaftme,waitforaminute
BiebE3r,song
BiebE3r,waitforaminute
BiebE3r,clubsmash
brmkyfsc,touch
brmkyfsc,pie
brmkyfsc,hope
promisbelieber,waitforaminute
promisbelieber,holdtight
AmrinaRosydaAR,waitforaminute
AmrinaRosydaAR,holdtight
saltcod,line
saltcod,idea
ninjatune,itunes
ninjatune,young
ninjatune,low
ninjatune,bigdada
ninjatune,anticon
ShastryAmsterda,year
ShastryAmsterda,rule
ShastryAmsterda,south
julissastigler,song
julissastigler,waitforaminute
viviana7494,song
viviana7494,song
viviana7494,waitforaminute
viviana7494,waitforaminute
viviana7494,waitforaminute
viviana7494,clubsmash
viviana7494,holdtight
matrix2004,together
matrix2004,voice
SelenaFollowMez,like
SelenaFollowMez,slowdown
nurievruslan,tapstudio
ittibaniel,hair
ittibaniel,great
itsKaleyy_,song
itsKaleyy_,waitforaminute
itsKaleyy_,clubsmash
mtyaak,go
mtyaak,minute
Youngrayan,ever
Youngrayan,well
Youngrayan,good
Youngrayan,sign
Youngrayan,company
Shadoebrooke,take
Shadoebrooke,dailyquote
Shadoebrooke,back
ExquiZiteBeauty,talk
ExquiZiteBeauty,like
ExquiZiteBeauty,mouth
bieberswag1994x,song
bieberswag1994x,waitforaminute
bieberswag1994x,waitforaminute
bieberswag1994x,go
bieberswag1994x,holdtight
bieberswag1994x,minute
bieberswag1994x,lastkings
gigglingrosie,top
gigglingrosie,fiction
gigglingrosie,good
gigglingrosie,crack
kgosling25,go
SelPennington,happy
SelPennington,spring
GiselleD123,waitforaminute
GiselleD123,holdtight
AuthorJLavene,woman
AuthorJLavene,woman
AuthorJLavene,ibooks
AuthorJLavene,mystery
AuthorJLavene,sleuth
AuthorJLavene,ebook
citok_adi,free
citok_adi,csrclassics
LocatelliDebora,like
LocatelliDebora,slowdown
1DUpdaterGirls,store
1DUpdaterGirls,store
xSKP_,watch
DanHarcevic,happy
DanHarcevic,voice
lisatari99,waitforaminute
lisatari99,holdtight
weretwofangirls,store
uh_leee_uh,bad
uh_leee_uh,left
tartuvato,go
YeezysDaughter_,go
YeezysDaughter_,fat
Perriits_,bear
ms_1009,app
mattyyyevans,love
mattyyyevans,great
lostinmybieber,go
lostinmybieber,minute
lostinmybieber,lastkings
idrewddl,song
idrewddl,waitforaminute
idrewddl,clubsmash
justins_secute,much
justins_secute,thought
justins_secute,wrong
Jeanettenkwate,year
Jeanettenkwate,start
Afig113,top
bieberfentys,waitforaminute
bieberfentys,keep
bieberfentys,filmfridays
__NiceToMeetYou,beautiful
ahboy85,free
ahboy85,join
ahboy85,csrclassics
ahboy85,hotplate
JonasPabloLover,song
JonasPabloLover,waitforaminute
JonasPabloLover,clubsmash
urllame,waitforaminute
urllame,holdtight
DODE4456,free
DODE4456,csrracing
DODE4456,level
iphonenew,game
iphonenew,metal
SellyDrewBiebz,waitforaminute
pntbutterANGELI,song
pntbutterANGELI,waitforaminute
pntbutterANGELI,waitforaminute
pntbutterANGELI,holdtight
eulababy9111,join
eulababy9111,death
eulababy9111,match
itsMarySwaggy,go
itsMarySwaggy,minute
itsMarySwaggy,lastkings
99er_Rob,free
99er_Rob,csrclassics
NHSOpportunitie,amazon
NHSOpportunitie,acer
NHSOpportunitie,archos
NHSOpportunitie,asus
NHSOpportunitie,barnes
NHSOpportunitie,cnm
NHSOpportunitie,gemini
BieberAlways14,song
BieberAlways14,waitforaminute
BieberAlways14,waitforaminute
BieberAlways14,go
BieberAlways14,holdtight
BieberAlways14,minute
BieberAlways14,lastkings
Khan_Rustam12,year
Khan_Rustam12,start
gagaart1,song
gagaart1,waitforaminute
arianehenry,ipad
arianehenry,ready
arianehenry,side
arianehenry,windows
mrymaffie,song
mrymaffie,waitforaminute
mrymaffie,clubsmash
mrymaffie,go
mrymaffie,holdtight
mrymaffie,musicmondays
mrymaffie,word
mrymaffie,room
mrymaffie,turn
GramiB,game
GramiB,smurfsvillage
GramiB,fall
melvinhoyk,month
wizardsjds,waitforaminute
httpslarrys,move
httpslarrys,move
httpslarrys,salute
nabilazzen,go
nabilazzen,holdtight
nabilazzen,musicmondays
nabilazzen,word
nabilazzen,room
nabilazzen,turn
FaizHahaha,healthy
FaizHahaha,healthy
FaizHahaha,fruit
FaizHahaha,fruit
FaizHahaha,green
FaizHahaha,green
FaizHahaha,squaready
FaizHahaha,favourite
FaizHahaha,nice
jonlilygreen,make
jonlilygreen,copy
jonlilygreen,beautiful
Mad_Angel13,year
Mad_Angel13,start
LianneLlw,join
SarahIngeParker,little
SarahIngeParker,short
SarahIngeParker,ben
onedelightful,till
parinparin23,free
parinparin23,free
parinparin23,csrclassics
parinparin23,csrclassics
IloveJBapplepie,come
RBucky45,offer
dea_tabs,left
dea_tabs,cook
dea_tabs,stage
BieberBabe117,waitforaminute
BieberBabe117,holdtight
thehawk_trader,year
thehawk_trader,start
Dopey_is_master,free
Dopey_is_master,csrclassics
victormarques2,prism
1DJB_CKT,go
1DJB_CKT,tight
1DJB_CKT,lyricsthatneedtobeshouted
1DJB_CKT,holdtightonitunes
ItsMyStefan,move
ItsMyStefan,move
ItsMyStefan,salute
hyperistic_guy,way
hyperistic_guy,push
hyperistic_guy,blood
KaqoLovaticBoy,go
GiselaGML,waitforaminute
GiselaGML,holdtight
Mrs_bieber314,song
Mrs_bieber314,waitforaminute
Mrs_bieber314,clubsmash
BM_Wark,year
BM_Wark,start
KooldudeKT,way
KooldudeKT,start
KooldudeKT,yesterday
ispiraustin,waitforaminute
ispiraustin,holdtight
NicholeChartran,space
NicholeChartran,smurfsvillage
NicholeChartran,plant
NicholeChartran,moon
RheaAleesha,waitforaminute
RheaAleesha,holdtight
GuadiiSalto,waitforaminute
GuadiiSalto,waitforaminute
GuadiiSalto,holdtight
Ifeelbiebah,song
Ifeelbiebah,waitforaminute
Ifeelbiebah,waitforaminute
Ifeelbiebah,clubsmash
Ifeelbiebah,holdtight
JBMusiqMondays,tight
JBMusiqMondays,minute
JBMusiqMondays,buywaitforaminuteonitunes
JBMusiqMondays,buyholdt
luluandlattes,much
1dmzna,store
FreeConfused,fiction
zivtan93,play
rachelazalea,go
rachelazalea,minute
rachelazalea,lastkings
suckmejbd,go
suckmejbd,holdtight
suckmejbd,musicmondays
suckmejbd,word
suckmejbd,room
suckmejbd,turn
jonniefletch,shit
jonniefletch,well
jonniefletch,money
heartbreaaker_,waitforaminute
heartbreaaker_,holdtight
SarahAlJaafari,waitforaminute
DanielRight2,game
DanielRight2,ready
__Biebergirls__,waitforaminute
sualalagosta,move
sualalagosta,move
sualalagosta,salute
DDaylights,move
DDaylights,move
DDaylights,salute
stevewalker36,high
stevewalker36,quality
stevewalker36,produce
Lm1Dforever_29,love
Lm1Dforever_29,support
Cambellxo,copy
freemaneric72,use
freemaneric72,freelancer
freemaneric72,cool
freemaneric72,timesheet
ohnanarheaann,waitforaminute
ohnanarheaann,waitforaminute
ohnanarheaann,holdtight
TheKomodoLord,nbd
pearman_2000,free
pearman_2000,every
pearman_2000,level
pearman_2000,csrclassics
MyGardenCoachUK,make
MyGardenCoachUK,fruit
jackuce,smirnoff
jackuce,giant
jackuce,drunk
Xconomy,future
Jbieber199427,waitforaminute
Murray_Lam,happy
Murray_Lam,voice
matt_connolly,go
matt_connolly,make
CodeMasterPaul,much
CodeMasterPaul,like
CodeMasterPaul,left
CodeMasterPaul,cook
CodeMasterPaul,cook
CodeMasterPaul,stage
camillou028,love
camillou028,support
waynehodkinson,much
waynehodkinson,like
waynehodkinson,left
waynehodkinson,cook
waynehodkinson,cook
waynehodkinson,stage
BarzuEle,waitforaminute
BarzuEle,make
BarzuEle,love
_StratfordLove_,song
_StratfordLove_,waitforaminute
RodByfieldCIO,much
RodByfieldCIO,like
RodByfieldCIO,left
RodByfieldCIO,cook
RodByfieldCIO,cook
RodByfieldCIO,stage
TJKalogianis,store
TJKalogianis,music
TJKalogianis,music
TJKalogianis,tech
TJKalogianis,news
TJKalogianis,news
TJKalogianis,nyc
belieb4life111,foreword
belieb4life111,newmusic
AdamRobertsEF,tech
AdamRobertsEF,top
asadmalik_,waitforaminute
asadmalik_,holdtight
svyia,game
svyia,dark
svyia,horse
kassidyaddams,heart
kassidyaddams,eye
kassidyaddams,worm
techvisionau,start
techvisionau,push
jelenasfever,holdtight
jelenasfever,right
jelenasfever,well
jelenasfever,filmfriday
poseyfeyza,waitforaminute
HichamMachaka,free
HichamMachaka,csrclassics
praptika_d,minute
tom_catalyst,please
tom_catalyst,support
addictlybiebs,song
addictlybiebs,waitforaminute
addictlybiebs,clubsmash
JustineFinch,waitforaminute
AviJois,store
AviJois,music
AviJois,music
AviJois,tech
AviJois,news
AviJois,news
DaKidrauhlRose,waitforaminute
Milidyg,go
Milidyg,smurfsvillage
Milidyg,journey
fillybe,free
fillybe,csrclassics
OneMixWonder,move
OneMixWonder,move
OneMixWonder,salute
LaurenAReese,responsible
LaurenAReese,almost
7Chingy7,free
7Chingy7,csrclassics
