avonskdrhl,holdtight
avonskdrhl,waitforaminute
ceciliasprieto,among
Palvindbx,holdtight
Palvindbx,number
Palvindbx,keep
strongerauhl,holdtight
strongerauhl,waitforaminute
Ma_Re_Ra,morning
Ma_Re_Ra,honeycrisp
troylovesPOLO,free
troylovesPOLO,csrclassics
tunesmate_app,music
tunesmate_app,iphoneapp
0hhmyidols,waitforaminute
0hhmyidols,song
0hhmyidols,clubsmash
webkenny,yeahright
emilyxox549,side
emilyxox549,pocket
Jay_Perez08,cover
Jay_Perez08,see
Jay_Perez08,ipad
mrsvicibieber,holdtight
mrsvicibieber,waitforaminute
mrsvicibieber,waitforaminute
biebsftcaity,holdtight
biebsftcaity,waitforaminute
biebsftcaity,go
biebsftcaity,minute
biebsftcaity,lastkings
MielaHeartzBieb,waitforaminute
MielaHeartzBieb,song
MielaHeartzBieb,clubsmash
FLOORTKM,holdtight
FLOORTKM,go
FLOORTKM,filmfridays
FLOORTKM,believemovie
venturagraphics,free
venturagraphics,csrclassics
MagikAlex_,ready
rc_markets,start
rc_markets,year
juacolol,free
juacolol,csrclassics
MaXiia_LoveYou,holdtight
MaXiia_LoveYou,waitforaminute
jamescram,please
jamescram,account
michaelbabad,high
AweenZakri,holdtight
AweenZakri,waitforaminute
AweenZakri,waitforaminute
AweenZakri,song
AweenZakri,clubsmash
Veronikaa_9,waitforaminute
Veronikaa_9,song
Veronikaa_9,clubsmash
Tmbhlcx,wire
Tmbhlcx,wire
Tmbhlcx,ever
Tmbhlcx,like
Dime_Azh,holdtight
Dime_Azh,waitforaminute
CcCuit90,bananakong
Diana_Valdez165,holdtight
Diana_Valdez165,waitforaminute
Diana_Valdez165,waitforaminute
slavedrxws,go
slavedrxws,tight
slavedrxws,minute
carlislemikhail,love
carlislemikhail,instaeffects
carlislemikhail,instaeffects
Liquid_Lip,night
Liquid_Lip,zipfm
mimosabelieber,tight
mimosabelieber,minute
mimosabelieber,buywaitforaminuteonitunes
mimosabelieber,buyholdt
schlondia39,space
schlondia39,smurfsvillage
GaryThomson16,ready
GaryThomson16,game
bieberandemz,holdtight
bieberandemz,waitforaminute
NIzzah_1D,holdtight
NIzzah_1D,holdtight
NIzzah_1D,go
NIzzah_1D,room
NIzzah_1D,turn
NIzzah_1D,word
NIzzah_1D,musicmondays
swaggy_biebgirl,holdtight
swaggy_biebgirl,waitforaminute
swaggy_biebgirl,waitforaminute
mariangelamazza,beautiful
jelenaftme,waitforaminute
jelenaftme,song
BiebE3r,waitforaminute
BiebE3r,song
BiebE3r,clubsmash
brmkyfsc,pie
brmkyfsc,touch
brmkyfsc,hope
promisbelieber,holdtight
promisbelieber,waitforaminute
elfridayunita_m,holdtight
AmrinaRosydaAR,holdtight
AmrinaRosydaAR,waitforaminute
saltcod,idea
saltcod,line
ninjatune,young
ninjatune,low
ninjatune,itunes
ninjatune,bigdada
ninjatune,anticon
ShastryAmsterda,year
ShastryAmsterda,rule
ShastryAmsterda,south
julissastigler,waitforaminute
julissastigler,song
viviana7494,holdtight
viviana7494,waitforaminute
viviana7494,waitforaminute
viviana7494,waitforaminute
viviana7494,song
viviana7494,song
viviana7494,clubsmash
matrix2004,voice
matrix2004,together
SelenaFollowMez,like
SelenaFollowMez,slowdown
JbThaiba,holdtight
JbThaiba,holdtight
JbThaiba,go
JbThaiba,go
JbThaiba,tight
JbThaiba,room
JbThaiba,turn
JbThaiba,word
JbThaiba,musicmondays
JbThaiba,lyricsthatneedtobeshouted
JbThaiba,holdtightonitunes
EnzoArellano1,holdtight
EnzoArellano1,go
EnzoArellano1,ever
EnzoArellano1,take
EnzoArellano1,head
anaraquelarede,holdtight
anaraquelarede,waitforaminute
nurievruslan,tapstudio
ittibaniel,great
ittibaniel,hair
itsKaleyy_,waitforaminute
itsKaleyy_,song
itsKaleyy_,clubsmash
mtyaak,go
mtyaak,minute
Youngrayan,ever
Youngrayan,well
Youngrayan,sign
Youngrayan,company
Youngrayan,good
Shadoebrooke,take
Shadoebrooke,back
Shadoebrooke,dailyquote
ExquiZiteBeauty,like
ExquiZiteBeauty,talk
ExquiZiteBeauty,mouth
bieberswag1994x,holdtight
bieberswag1994x,waitforaminute
bieberswag1994x,waitforaminute
bieberswag1994x,song
bieberswag1994x,go
bieberswag1994x,minute
bieberswag1994x,lastkings
gigglingrosie,good
gigglingrosie,fiction
gigglingrosie,crack
gigglingrosie,top
kgosling25,go
SelPennington,spring
SelPennington,happy
ouchniallx,waitforaminute
ouchniallx,song
ouchniallx,clubsmash
GiselleD123,holdtight
GiselleD123,waitforaminute
AuthorJLavene,woman
AuthorJLavene,woman
AuthorJLavene,ibooks
AuthorJLavene,mystery
AuthorJLavene,sleuth
AuthorJLavene,ebook
JoeHeady,need
citok_adi,free
citok_adi,csrclassics
LocatelliDebora,like
LocatelliDebora,slowdown
1DUpdaterGirls,store
1DUpdaterGirls,store
xSKP_,watch
DanHarcevic,voice
DanHarcevic,happy
tina_biebs14,holdtight
tina_biebs14,waitforaminute
lisatari99,holdtight
lisatari99,waitforaminute
weretwofangirls,store
uh_leee_uh,left
uh_leee_uh,bad
tartuvato,go
YeezysDaughter_,go
YeezysDaughter_,fat
Perriits_,bear
ms_1009,app
mattyyyevans,love
mattyyyevans,great
lauramr16,go
lauramr16,minute
lauramr16,lastkings
lostinmybieber,go
lostinmybieber,minute
lostinmybieber,lastkings
idrewddl,waitforaminute
idrewddl,song
idrewddl,clubsmash
idrewddl,go
justins_secute,thought
justins_secute,much
justins_secute,wrong
Jeanettenkwate,start
Jeanettenkwate,year
Afig113,top
bieberfentys,waitforaminute
bieberfentys,keep
bieberfentys,filmfridays
__NiceToMeetYou,beautiful
ahboy85,free
ahboy85,free
ahboy85,csrclassics
ahboy85,csrclassics
ahboy85,join
ahboy85,hotplate
JonasPabloLover,waitforaminute
JonasPabloLover,song
JonasPabloLover,clubsmash
cloudbieber,holdtight
cloudbieber,holdtight
cloudbieber,holdtight
cloudbieber,see
cloudbieber,go
cloudbieber,believemovie
cloudbieber,top
cloudbieber,little
cloudbieber,work
urllame,holdtight
urllame,waitforaminute
DODE4456,free
DODE4456,level
DODE4456,csrracing
iphonenew,game
iphonenew,metal
SellyDrewBiebz,waitforaminute
pntbutterANGELI,holdtight
pntbutterANGELI,waitforaminute
pntbutterANGELI,waitforaminute
pntbutterANGELI,song
eulababy9111,join
eulababy9111,death
eulababy9111,match
itsMarySwaggy,go
itsMarySwaggy,minute
itsMarySwaggy,lastkings
99er_Rob,free
99er_Rob,csrclassics
NHSOpportunitie,acer
NHSOpportunitie,amazon
NHSOpportunitie,archos
NHSOpportunitie,asus
NHSOpportunitie,barnes
NHSOpportunitie,cnm
NHSOpportunitie,gemini
BieberAlways14,holdtight
BieberAlways14,waitforaminute
BieberAlways14,waitforaminute
BieberAlways14,song
BieberAlways14,go
BieberAlways14,minute
BieberAlways14,lastkings
Khan_Rustam12,start
Khan_Rustam12,year
gagaart1,waitforaminute
gagaart1,song
arianehenry,side
arianehenry,ipad
arianehenry,ready
arianehenry,windows
mrymaffie,holdtight
mrymaffie,waitforaminute
mrymaffie,song
mrymaffie,clubsmash
mrymaffie,go
mrymaffie,room
mrymaffie,turn
mrymaffie,word
mrymaffie,musicmondays
GramiB,smurfsvillage
GramiB,game
GramiB,fall
melvinhoyk,month
wizardsjds,waitforaminute
httpslarrys,move
httpslarrys,move
httpslarrys,salute
BelieberontheJB,tight
BelieberontheJB,minute
BelieberontheJB,buywaitforaminuteonitunes
BelieberontheJB,buyholdtightonitunes
nabilazzen,holdtight
nabilazzen,go
nabilazzen,room
nabilazzen,turn
nabilazzen,word
nabilazzen,musicmondays
FaizHahaha,green
FaizHahaha,green
FaizHahaha,fruit
FaizHahaha,fruit
FaizHahaha,healthy
FaizHahaha,healthy
FaizHahaha,squaready
FaizHahaha,favourite
FaizHahaha,nice
jonlilygreen,beautiful
jonlilygreen,copy
jonlilygreen,make
Mad_Angel13,start
Mad_Angel13,year
LianneLlw,join
cristi18r,offer
SarahIngeParker,short
SarahIngeParker,little
SarahIngeParker,ben
onedelightful,till
parinparin23,free
parinparin23,free
parinparin23,csrclassics
parinparin23,csrclassics
IloveJBapplepie,come
RBucky45,offer
dea_tabs,left
dea_tabs,cook
dea_tabs,stage
BieberBabe117,holdtight
BieberBabe117,waitforaminute
thehawk_trader,start
thehawk_trader,year
Dopey_is_master,free
Dopey_is_master,csrclassics
victormarques2,prism
1DJB_CKT,go
1DJB_CKT,tight
1DJB_CKT,lyricsthatneedtobeshouted
1DJB_CKT,holdtightonitunes
ItsMyStefan,move
ItsMyStefan,move
ItsMyStefan,salute
hyperistic_guy,way
hyperistic_guy,push
hyperistic_guy,blood
KaqoLovaticBoy,go
GiselaGML,holdtight
GiselaGML,waitforaminute
GiselaGML,go
GiselaGML,minute
GiselaGML,lastkings
Mrs_bieber314,waitforaminute
Mrs_bieber314,song
Mrs_bieber314,clubsmash
BM_Wark,start
BM_Wark,year
KooldudeKT,start
KooldudeKT,way
KooldudeKT,yesterday
ispiraustin,holdtight
ispiraustin,waitforaminute
NicholeChartran,space
NicholeChartran,smurfsvillage
NicholeChartran,plant
NicholeChartran,moon
RheaAleesha,holdtight
RheaAleesha,waitforaminute
RheaAleesha,go
RheaAleesha,tight
RheaAleesha,lyricsthatneedtobeshouted
RheaAleesha,holdtightonitunes
GuadiiSalto,holdtight
GuadiiSalto,waitforaminute
GuadiiSalto,waitforaminute
GuadiiSalto,go
GuadiiSalto,minute
GuadiiSalto,lastkings
Ifeelbiebah,holdtight
Ifeelbiebah,waitforaminute
Ifeelbiebah,waitforaminute
Ifeelbiebah,song
Ifeelbiebah,clubsmash
Ifeelbiebah,go
Ifeelbiebah,tight
Ifeelbiebah,minute
JBMusiqMondays,tight
JBMusiqMondays,minute
JBMusiqMondays,buywaitforaminuteonitunes
JBMusiqMondays,buyholdt
luluandlattes,much
1dmzna,store
FreeConfused,fiction
zivtan93,play
rachelazalea,go
rachelazalea,minute
rachelazalea,lastkings
suckmejbd,holdtight
suckmejbd,go
suckmejbd,room
suckmejbd,turn
suckmejbd,word
suckmejbd,musicmondays
jonniefletch,well
jonniefletch,shit
jonniefletch,money
heartbreaaker_,holdtight
heartbreaaker_,holdtight
heartbreaaker_,waitforaminute
heartbreaaker_,well
heartbreaaker_,right
heartbreaaker_,filmfriday
SarahAlJaafari,waitforaminute
DanielRight2,ready
DanielRight2,game
__Biebergirls__,waitforaminute
sualalagosta,move
sualalagosta,move
sualalagosta,salute
DDaylights,move
DDaylights,move
DDaylights,salute
stevewalker36,high
stevewalker36,quality
stevewalker36,produce
Mrs_Bieber4JB,holdtight
Mrs_Bieber4JB,waitforaminute
Lm1Dforever_29,love
Lm1Dforever_29,support
Cambellxo,copy
freemaneric72,use
freemaneric72,freelancer
freemaneric72,cool
freemaneric72,timesheet
ohnanarheaann,holdtight
ohnanarheaann,waitforaminute
ohnanarheaann,waitforaminute
ohnanarheaann,go
ohnanarheaann,tight
ohnanarheaann,lyricsthatneedtobeshouted
ohnanarheaann,holdtightonitunes
TheKomodoLord,nbd
pearman_2000,free
pearman_2000,csrclassics
pearman_2000,level
pearman_2000,every
MyGardenCoachUK,fruit
MyGardenCoachUK,make
jackuce,smirnoff
jackuce,giant
jackuce,drunk
MacNTechs,music
MacNTechs,music
MacNTechs,store
Xconomy,future
Jbieber199427,waitforaminute
Jbieber199427,waitforaminute
Jbieber199427,song
Jbieber199427,clubsmash
Murray_Lam,voice
Murray_Lam,happy
matt_connolly,go
matt_connolly,make
CodeMasterPaul,like
CodeMasterPaul,left
CodeMasterPaul,much
CodeMasterPaul,cook
CodeMasterPaul,cook
CodeMasterPaul,stage
camillou028,love
camillou028,support
waynehodkinson,like
waynehodkinson,left
waynehodkinson,much
waynehodkinson,cook
waynehodkinson,cook
waynehodkinson,stage
BarzuEle,waitforaminute
BarzuEle,love
BarzuEle,make
_StratfordLove_,waitforaminute
_StratfordLove_,song
RodByfieldCIO,like
RodByfieldCIO,left
RodByfieldCIO,much
RodByfieldCIO,cook
RodByfieldCIO,cook
RodByfieldCIO,stage
TJKalogianis,music
TJKalogianis,music
TJKalogianis,store
TJKalogianis,news
TJKalogianis,news
TJKalogianis,tech
TJKalogianis,nyc
belieb4life111,foreword
belieb4life111,newmusic
AdamRobertsEF,top
AdamRobertsEF,tech
asadmalik_,holdtight
asadmalik_,waitforaminute
svyia,game
svyia,dark
svyia,horse
kassidyaddams,worm
kassidyaddams,heart
kassidyaddams,eye
techvisionau,start
techvisionau,push
jelenasfever,holdtight
jelenasfever,waitforaminute
jelenasfever,song
jelenasfever,well
jelenasfever,right
jelenasfever,filmfriday
poseyfeyza,waitforaminute
HichamMachaka,free
HichamMachaka,csrclassics
praptika_d,minute
tom_catalyst,please
tom_catalyst,support
addictlybiebs,waitforaminute
addictlybiebs,song
addictlybiebs,clubsmash
JustineFinch,waitforaminute
AviJois,music
AviJois,music
AviJois,store
AviJois,news
AviJois,news
AviJois,tech
DaKidrauhlRose,holdtight
DaKidrauhlRose,waitforaminute
DaKidrauhlRose,waitforaminute
Milidyg,go
Milidyg,smurfsvillage
Milidyg,journey
fillybe,free
fillybe,csrclassics
OneMixWonder,move
OneMixWonder,move
OneMixWonder,salute
LaurenAReese,responsible
LaurenAReese,almost
7Chingy7,free
7Chingy7,free
7Chingy7,csrclassics
7Chingy7,csrclassics
WildyWatson,free
WildyWatson,whostheceleb
1D_JB_MyLife,waitforaminute
1D_JB_MyLife,song
1D_JB_MyLife,clubsmash
JessiDZE,hope
JessiDZE,midnightmemories
paula_alicce,good
paula_alicce,way
paula_alicce,hard
paula_alicce,hard
paula_alicce,butter
paula_alicce,taste
Bazw1,music
Bazw1,music
Bazw1,store
Geekkyy,music
Geekkyy,music
Geekkyy,store
Geekkyy,news
Geekkyy,news
Geekkyy,tech
mcnick50,free
mcnick50,csrclassics
zaskidrauhl,go
zaskidrauhl,tight
zaskidrauhl,lyricsthatneedtobeshouted
zaskidrauhl,holdtightonitunes
jbvtools,education
jbvtools,education
jbvtools,french
jbvtools,mac
jbvtools,backtoschool
wytewolf2k,good
wytewolf2k,air
lfseijas,smurfsvillage
LibbyClarkson,floor
BloombergTV,among
maya_jcat,beautiful
maya_jcat,beautiful
maya_jcat,way
bador_aLM6uri,app
Skalbarazi,app
RonRackz,bear
Nyaadesu,bad
Nyaadesu,np
bandarra_nuno,free
bandarra_nuno,csrclassics
FreeEdSnowden,book
biebiscus,holdtight
biebiscus,waitforaminute
DJ_Dragon,start
DJ_Dragon,year
jeanskyz,word
bradwood7272,reignd
mkawar,smurfsvillage
mkawar,way
bieburhyfr,holdtight
bieburhyfr,holdtight
bieburhyfr,waitforaminute
bieburhyfr,go
bieburhyfr,room
bieburhyfr,turn
bieburhyfr,word
bieburhyfr,musicmondays
Rey_Tamara,like
Rey_Tamara,need
Rey_Tamara,cause
katwom70,ready
katwom70,good
katwom70,soup
katwom70,winter
fraazk,thing
fraazk,record
bjeberstoy,waitforaminute
FlawlessLeighx,move
FlawlessLeighx,move
FlawlessLeighx,salute
LalisTandoc,free
LalisTandoc,csrclassics
LalisTandoc,level
LalisTandoc,every
ItsMonStr,dowhatuwant
Yusuf_CiiRegar,holdtight
Yusuf_CiiRegar,holdtight
Yusuf_CiiRegar,waitforaminute
Yusuf_CiiRegar,waitforaminute
Yusuf_CiiRegar,song
Yusuf_CiiRegar,clubsmash
Yusuf_CiiRegar,go
Yusuf_CiiRegar,minute
Yusuf_CiiRegar,well
Yusuf_CiiRegar,lastkings
Yusuf_CiiRegar,right
Yusuf_CiiRegar,filmfriday
BigD2222,top
Andreina_SWAGGY,holdtight
Andreina_SWAGGY,waitforaminute
Andreina_SWAGGY,song
Andreina_SWAGGY,well
Andreina_SWAGGY,right
Andreina_SWAGGY,filmfriday
HReuther,offer
tammyromanowski,love
tammyromanowski,voice
tammyromanowski,support
tammyromanowski,getjamesa
farimabiebs,waitforaminute
farimabiebs,song
farimabiebs,clubsmash
lesliefreeman91,cool
lesliefreeman91,education
lesliefreeman91,education
lesliefreeman91,common
lesliefreeman91,language
lesliefreeman91,language
lesliefreeman91,osx
lesliefreeman91,osx
lesliefreeman91,ios
lesliefreeman91,edtech
HolaSoyCaru,waitforaminute
HolaSoyCaru,song
HolaSoyCaru,clubsmash
CostaClarence,store
flukzi69,free
flukzi69,free
flukzi69,csrclassics
flukzi69,csrclassics
abrahamvegh,reason
abrahamvegh,street
bipolar_girl4,song
bipolar_girl4,year
bipolar_girl4,good
egg1111115,thing
najihahnatar,holdtight
najihahnatar,waitforaminute
najihahnatar,waitforaminute
najihahnatar,song
najihahnatar,clubsmash
_brittanylee14,little
nmtzzzz,much
nmtzzzz,shit
nmtzzzz,fuck
3YOOSH4774_,tweepr
smileezayn,ready
smileezayn,space
smileezayn,space
smileezayn,smurfsvillage
swaggy_tho,waitforaminute
swaggy_tho,song
neojemb,music
neojemb,music
neojemb,store
CournoyerMe,freemusic
CournoyerMe,freemusic
_TNews,tech
IroVsl,holdtight
IroVsl,holdtight
IroVsl,holdtight
IroVsl,waitforaminute
IroVsl,waitforaminute
IroVsl,waitforaminute
IroVsl,number
IroVsl,keep
IroVsl,song
IroVsl,go
IroVsl,go
IroVsl,tight
IroVsl,room
IroVsl,turn
IroVsl,word
IroVsl,musicmondays
IroVsl,lyricsthatneedtobeshouted
IroVsl,holdtightonitunes
mshgadget,music
mshgadget,music
mshgadget,store
petrap_9,go
1D_250513,store
ayeswagunicorn,waitforaminute
ayeswagunicorn,song
ayeswagunicorn,clubsmash
TechNews_Greece,cnet
TechNews_Greece,technews
kamaluf,cnet
F_ckingParadise,waitforaminute
F_ckingParadise,song
Chanpon_JAZZ,face
Chanpon_JAZZ,nowplaying
KamalFaridi,cnet
rashardNAMUH,news
rashardNAMUH,news
rashardNAMUH,tech
rashardNAMUH,cnet
rashardNAMUH,updates
JohngPR,year
T3NWs,watch
Micara57,right
Fuckyofave_,holdtight
Fuckyofave_,waitforaminute
Tracey1705,right
Tracey1705,fact
MyCoffeeStopUK,work
MyCoffeeStopUK,work
MyCoffeeStopUK,cinnamon
bieberswag70,go
bieberswag70,minute
bieberswag70,lastkings
JOIN_team_HUMAN,news
JOIN_team_HUMAN,news
JOIN_team_HUMAN,tech
JOIN_team_HUMAN,cnet
JOIN_team_HUMAN,updates
BTay3115,song
BTay3115,somebodysavedyou
BTay3115,firefighters
BTay3115,firstresponders
acuft,almost
acuft,nowplaying
mashabletech,left
mashabletech,cook
mashabletech,stage
Mwiz123,every
mashable,left
mashable,cook
mashable,stage
swagpezz,move
swagpezz,move
swagpezz,salute
taaay_renee,year
taaay_renee,fall
taaay_renee,round
OnlinedCom,tech
Belieber051999,holdtight
Belieber051999,waitforaminute
WhatDigital,see
MTIP_Tysha,fruit
bhavik_bhavsar,bhavikbhavsar
XimeLopez94,space
XimeLopez94,smurfsvillage
XimeLopez94,plant
XimeLopez94,moon
itmsitms,story
JoanaVera3,movevideo
JoanaVera3,preordermove
lorenzoFB,book
shaggy2u4u,smurfsvillage
shaggy2u4u,healthy
shaggy2u4u,part
PinkSandBermuda,music
PinkSandBermuda,foreword
itsmylifejustin,tight
itsmylifejustin,minute
hellocody21,book
hellocody21,codysimpson
GooeyHQ,feeling
GooeyHQ,orange
MartinSmith99,excited
Wadafale_,start
Wadafale_,year
DENISESWITZER,tech
DENISESWITZER,change
DENISESWITZER,verizon
DENISESWITZER,cell
DaCanadianBiebs,go
DaCanadianBiebs,minute
DaCanadianBiebs,lastkings
applehot,news
Waldroup196Dort,bachelorette
CaseyCross89,custard
WeFollowLaTocha,right
skyhooktheband,keep
skyhooktheband,please
skyhooktheband,word
skyhooktheband,pneuma
BrittneyHassell,vinegar
BrittneyHassell,though
DarcyFullOfLove,store
DarcyFullOfLove,store
4EverEnvied,free
4EverEnvied,smurfsvillage
4EverEnvied,week
LoveU_BieberJus,holdtight
LoveU_BieberJus,holdtight
LoveU_BieberJus,holdtight
LoveU_BieberJus,holdtight
LoveU_BieberJus,go
LoveU_BieberJus,go
LoveU_BieberJus,go
LoveU_BieberJus,ever
LoveU_BieberJus,love
LoveU_BieberJus,room
LoveU_BieberJus,turn
LoveU_BieberJus,word
LoveU_BieberJus,musicmondays
LoveU_BieberJus,musicmondays
LoveU_BieberJus,take
LoveU_BieberJus,head
dankojones,free
SayHiJustinB,holdtight
SayHiJustinB,waitforaminute
SayHiJustinB,keep
Mikejohns24,much
Mikejohns24,soup
Mikejohns24,fattie
BieberinMind_,tight
BieberinMind_,tight
BieberinMind_,minute
BieberinMind_,minute
BieberinMind_,buywaitforaminuteonitunes
BieberinMind_,buywaitforaminuteonitunes
BieberinMind_,buyholdt
BieberinMind_,bu
vonnie2975,mountain
vonnie2975,mountain
vonnie2975,smurfvillage
anydimy,hair
anydimy,fire
AmmaraLovatic,go
AmmaraLovatic,buyletitgoonitunes
JJulialandara,waitforaminute
jxnoskiansrauhl,holdtight
jxnoskiansrauhl,waitforaminute
jxnoskiansrauhl,waitforaminute
jxnoskiansrauhl,go
jxnoskiansrauhl,minute
jxnoskiansrauhl,lastkings
f4lsouthwark,join
f4lsouthwark,part
f4lsouthwark,dress
BE_LOVEDforever,go
BE_LOVEDforever,buyletitgoonitunes
SophieLamb1D,beautiful
SophieLamb1D,beautiful
SophieLamb1D,beautiful
SophieLamb1D,beautiful
SophieLamb1D,well
SophieLamb1D,little
SophieLamb1D,way
0ntarioKidrauhl,holdtight
0ntarioKidrauhl,waitforaminute
osnpitzrauhl,holdtight
osnpitzrauhl,waitforaminute
xeon78,start
xeon78,use
FoodStorageMoms,pie
FoodStorageMoms,cake
beaseventeen,page
beaseventeen,littlefavour
cmoreauu,business
RSCntrygurl,work
RSCntrygurl,country
RSCntrygurl,fixed
ratkutti,dear
danielfgom,watch
your_tagada,go
your_tagada,go
your_tagada,tight
your_tagada,minute
NicoleWrightJ,left
NicoleWrightJ,cook
NicoleWrightJ,stage
FarhanaC94,regular
FarhanaC94,broken
miracleavons,waitforaminute
miracleavons,song
miracleavons,clubsmash
REPLACEBASE,ipad
REPLACEBASE,company
drugofdrewlas,go
drugofdrewlas,go
drugofdrewlas,tight
drugofdrewlas,minute
hot_chocho,free
hot_chocho,csrclassics
SophiebbSwag,holdtight
SophiebbSwag,waitforaminute
LaceyHardin13,left
LaceyHardin13,cook
LaceyHardin13,stage
R_iJackson,increase
R_iJackson,price
AWMemorial,company
AWMemorial,war
AWMemorial,near
AWMemorial,onthisday
zoz1a,tweepr
Shoku69,ipad
Anndyy___,go
Anndyy___,love
Anndyy___,way
Anndyy___,sweeterthanfiction
justinbibz321,holdtight
justinbibz321,well
justinbibz321,right
justinbibz321,filmfriday
CreativeOctpus,watch
WeronikaKowacz,holdtight
WeronikaKowacz,holdtight
WeronikaKowacz,go
WeronikaKowacz,like
WeronikaKowacz,musicmondays
WeronikaKowacz,newmusic
BieberSoAngelic,free
NayeliSpencer,holdtight
NayeliSpencer,waitforaminute
trapmermaid,bad
trapmermaid,forward
trapmermaid,family
trapmermaid,far
gtz30_maryfer,holdtight
gtz30_maryfer,waitforaminute
gtz30_maryfer,waitforaminute
gtz30_maryfer,waitforaminute
gtz30_maryfer,song
NalinK83,way
AlsuwaidanAli,free
AlsuwaidanAli,csrclassics
AlsuwaidanAli,level
AlsuwaidanAli,every
StephenNCrowley,love
jcnagui,satisfied
queenk1m,go
yogabarntweets,smurfsvillage
yogabarntweets,game
yogabarntweets,fall
Dy__on,cover
kidrauhlick,go
kidrauhlick,tight
kidrauhlick,minute
jdbslyric,holdtight
jdbslyric,waitforaminute
OmarrCantu,news
OmarrCantu,news
bnarbaiz,waitforaminute
bnarbaiz,song
bnarbaiz,clubsmash
demimypoison,go
TheMasterKC,start
TheMasterKC,high
TheMasterKC,like
young_biebs_,waitforaminute
young_biebs_,song
young_biebs_,clubsmash
The_Reverend_Dj,feed
The_Reverend_Dj,purpose
kealanjflynn,needabiggertelly
Leticia_RamosM,head
Leticia_RamosM,comfort
Leticia_RamosM,office
Leticia_RamosM,milepost
Leticia_RamosM,qotd
AmeliaButcher92,good
ArianeMacena1,waitforaminute
ArianeMacena1,song
ImanDamiaa,like
ImanDamiaa,come
UGADawgsSong,love
UGADawgsSong,godawgs
UGADawgsSong,takeusviral
JososWay,help
JososWay,awake
AppLe_tiiNii,feeling
AhhLiiKazam,thing
vinanrvny,holdtight
vinanrvny,waitforaminute
EastQuayIT,ipad
EastQuayIT,full
KrisaNAllen,responsible
KrisaNAllen,almost
KrisaNAllen,special
KrisaNAllen,boom
Mister_Metz,see
whoabtr,waitforaminute
whoabtr,song
whoabtr,clubsmash
zeddemcee,go
zeddemcee,plant
zeddemcee,tomorrow
zeddemcee,tree
PesysGirl,move
PesysGirl,move
PesysGirl,salute
PaulLowe_ADP,butterfly
esosaucedo,smurfsvillage
esosaucedo,island
AsliUlupnar,go
takeyoue3,tight
takeyoue3,minute
takeyoue3,buywaitforaminuteonitunes
takeyoue3,buyholdtightonitunes
malianne12,go
malianne12,smurfsvillage
malianne12,journey
DemiL_TEAMO,go
Sessahhh,left
Sessahhh,sticky
eian001125,free
eian001125,csrclassics
ScurveySickness,touch
ScurveySickness,town
TheBelgianista,reason
TheBelgianista,anappleaday
TheBelgianista,motivated
TheBelgianista,imawesome
TheBelgianista,goodtimes
alexlitreev,special
alexlitreev,waiting
justinbertsold,waitforaminute
justinbertsold,song
justinbertsold,clubsmash
TimUdinski,see
hannah_rowe_,waitforaminute
hannah_rowe_,waitforaminute
hannah_rowe_,song
hannah_rowe_,clubsmash
belu_rico,song
belu_rico,year
belu_rico,good
tswift_fairuz,fiction
Brendariv15,waitforaminute
Brendariv15,foreword
Brendariv15,newmusic
maooho,holdtight
maooho,waitforaminute
apriliaqorina,holdtight
AMajORevolution,copy
AMajORevolution,support
AMajORevolution,icecreameveryday
FreePcShopper,box
hawks008,cry
AnneBreil,till
Desehope99Moser,holdtight
Desehope99Moser,waitforaminute
Desehope99Moser,waitforaminute
Desehope99Moser,song
shawtymaneuk,go
shawtymaneuk,tight
shawtymaneuk,lyricsthatneedtobeshouted
shawtymaneuk,holdtightonitunes
strongbiebz,waitforaminute
seo_danielgoh,top
JamieThompson22,hope
JamieThompson22,satsonlivelounge
JamieThompson22,discolove
SkylineGtr777,like
SkylineGtr777,well
SkylineGtr777,watch
RamahDarom,cake
RamahDarom,jewishwomensgetaway
ExperientialMan,need
__ACM__,beautiful
__ACM__,well
__ACM__,little
jmsulzbacher,waitforaminute
jmsulzbacher,song
jmsulzbacher,go
jmsulzbacher,minute
jmsulzbacher,lastkings
JG_JB_ARE_MIN,holdtight
JG_JB_ARE_MIN,waitforaminute
BodylikePerrie,move
BodylikePerrie,move
BodylikePerrie,salute
Drew_ishot,tight
Drew_ishot,minute
Drew_ishot,buywaitforaminuteonitunes
Drew_ishot,buyholdt
lisalazuli,codenameverity
dt3624,holdtight
dt3624,holdtight
dt3624,holdtight
dt3624,go
dt3624,go
dt3624,ever
dt3624,room
dt3624,turn
dt3624,word
dt3624,musicmondays
dt3624,take
dt3624,head
dt3624,little
dt3624,work
sheko_o,month
sheko_o,friend
sheko_o,weddingcountdown
erika_selene,holdtight
erika_selene,waitforaminute
erika_selene,waitforaminute
erika_selene,waitforaminute
erika_selene,song
erika_selene,clubsmash
erika_selene,go
erika_selene,minute
erika_selene,lastkings
MotleyBleu,touch
DDoSCapitol,orange
DDoSCapitol,general
DDoSCapitol,point
Ari_Ramirez31,move
Ari_Ramirez31,move
Ari_Ramirez31,salute
xbmbill,current
Cinnish_Music,holdtight
Cinnish_Music,waitforaminute
DerekWGreenwood,store
DerekWGreenwood,level
DerekWGreenwood,play
DerekWGreenwood,windowsphone
summerlotshala3,happy
summerlotshala3,make
summerlotshala3,jamiedmj
iam_your_fan,green
iam_your_fan,o
Paschallb80,discount
Paschallb80,spa
DaneAllen,go
DaneAllen,pneuma
D_Latham,together
D_Latham,shit
D_Latham,weather
xo_Rebecca_xo,song
xo_Rebecca_xo,somebodysavedyou
xo_Rebecca_xo,firefighters
xo_Rebecca_xo,firstresponders
ssoommeegg,go
ssoommeegg,space
ssoommeegg,cat
njzmdipsa,smurfsvillage
njzmdipsa,play
njzmdipsa,help
fptechdesk,design
fptechdesk,late
fptechdesk,cdntech
Payne123flick,beautiful
Payne123flick,beautiful
Payne123flick,way
Belieber_J1994,waitforaminute
Belieber_J1994,waitforaminute
Belieber_J1994,song
Belieber_J1994,song
Belieber_J1994,clubsmash
iBieTweet,waitforaminute
iBieTweet,song
PinhoVS,please
valirusan,free
valirusan,csrclassics
loutfi_meli,waitforaminute
loutfi_meli,song
stevendeannn,smurfsvillage
stevendeannn,game
stevendeannn,place
stevendeannn,berry
CWaloschuk,question
CWaloschuk,care
nationalpost,design
nationalpost,late
nationalpost,cdntech
jmtthor,smurfsvillage
jmtthor,game
papanate1,much
papanate1,shit
papanate1,fuck
jessehaswords,roll
BieberSteeeph,waitforaminute
Hussen_Jameel,eye
Hussen_Jameel,snake
Hussen_Jameel,bit
psl226,free
psl226,csrclassics
proudjdbiebrs,holdtight
proudjdbiebrs,waitforaminute
mileysmusjc,holdtight
mileysmusjc,waitforaminute
appplausex,waitforaminute
appplausex,song
appplausex,clubsmash
uberguineapig,year
Ergo90,use
Ergo90,card
Ergo90,fantasica
brina_aly,waitforaminute
brina_aly,song
brina_aly,clubsmash
_wantedwolves,till
_wantedwolves,late
_wantedwolves,house
theflyingsikh,left
theflyingsikh,cook
theflyingsikh,stage
Gabriellotero,space
Gabriellotero,smurfsvillage
Gabriellotero,place
Gabriellotero,cut
drewsazalea,holdtight
drewsazalea,waitforaminute
kngbn97,good
kngbn97,news
GuidoMattioni,love
GuidoMattioni,story
PerrieFacts,move
PerrieFacts,move
PerrieFacts,salute
AhoyBieber,copy
buttaercup,part
VeroHunterBiebs,holdtight
VeroHunterBiebs,waitforaminute
VeroHunterBiebs,waitforaminute
VeroHunterBiebs,song
VeroHunterBiebs,clubsmash
AnthonyKtck,come
beliber4infiniT,waitforaminute
Juhzteen,waitforaminute
Juhzteen,song
Juhzteen,clubsmash
4JennaMcCarthy,free
4JennaMcCarthy,level
4JennaMcCarthy,design
4JennaMcCarthy,design
4JennaMcCarthy,house
4JennaMcCarthy,designthishome
iRajneekant,music
iRajneekant,music
iRajneekant,store
Belieber_0525,waitforaminute
ClimentiniJB,holdtight
ClimentiniJB,waitforaminute
ClimentiniJB,song
ClimentiniJB,go
ClimentiniJB,room
ClimentiniJB,turn
ClimentiniJB,word
ClimentiniJB,musicmondays
hurbanhistoria,mountain
hurbanhistoria,mountain
hurbanhistoria,smurfvillage
Mari_H18,love
Mari_H18,love
Mari_H18,love
Mari_H18,love
Mari_H18,preorderwordofmouth
Mari_H18,preorderwordofmouth
Mari_H18,preorderwordofmouth
Mari_H18,preorderwordofmouth
mveCZ,ready
mveCZ,wallpaper
kkbieber33,holdtight
kkbieber33,waitforaminute
kkbieber33,keep
kcboy16,use
kcboy16,water
kcboy16,tooth
kcboy16,pin
IrishBelieberX3,waitforaminute
IrishBelieberX3,waitforaminute
IrishBelieberX3,song
IrishBelieberX3,song
IrishBelieberX3,clubsmash
iDeviceDaily,need
iDeviceDaily,print
iDeviceDaily,print
atmbiebz,waitforaminute
PeeBrains,music
PeeBrains,music
PeeBrains,store
tarikrokos,music
tarikrokos,music
tarikrokos,store
MyaEllieBern,go
MyaEllieBern,well
MyaEllieBern,teaching
MyaEllieBern,fly
ARTPOPprince,music
Mery_JBelieber,waitforaminute
Mery_JBelieber,song
_FRodriguez,use
_FRodriguez,card
_FRodriguez,fantasica
BABAJ15E,move
Glerns,free
Glerns,csrclassics
AmyLovesHZLLN,move
AmyLovesHZLLN,move
AmyLovesHZLLN,salute
eatingsoho,cvwatch
AvonBossBieber,holdtight
AvonBossBieber,well
AvonBossBieber,right
AvonBossBieber,filmfriday
YOUARESCARY_1,go
bixbermsfts,waitforaminute
markdante1,offer
CSahyoun,free
CSahyoun,free
CSahyoun,csrclassics
CSahyoun,csrclassics
dainapeter,like
dainapeter,left
dainapeter,much
dainapeter,cook
dainapeter,cook
dainapeter,stage
franziskaB88,education
franziskaB88,education
franziskaB88,mac
franziskaB88,languages
franziskaB88,chinese
SaudiT2,music
SaudiT2,music
SaudiT2,store
WeeziesGFK,spinach
WeeziesGFK,mushroom
WeeziesGFK,drink
WeeziesGFK,chicken
baekdal,note
Apple_iStu,use
Apple_iStu,need
LuaPonsOK,waitforaminute
LuaPonsOK,song
LuaPonsOK,clubsmash
TechTimo,music
TechTimo,music
TechTimo,store
oxyd75,left
oxyd75,cook
oxyd75,stage
JezHarper,music
JezHarper,music
JezHarper,store
LucyBieber09,go
LucyBieber09,minute
LucyBieber09,lastkings
LittleMiixBabe,holdtight
LittleMiixBabe,waitforaminute
aliyabieber12,holdtight
aliyabieber12,waitforaminute
robertomazzoni,like
robertomazzoni,left
robertomazzoni,much
robertomazzoni,cook
robertomazzoni,cook
robertomazzoni,stage
InteractiveIT,left
InteractiveIT,cook
InteractiveIT,stage
sarafrass31,holdtight
sarafrass31,waitforaminute
sarafrass31,waitforaminute
AlexRacanelli,like
AlexRacanelli,left
AlexRacanelli,cook
AlexRacanelli,stage
AlexRacanelli,mashable
AlexRacanelli,socialmedia
Bahdal,music
Bahdal,music
Bahdal,store
lovatospeace,go
MooreWriting,copy
MooreWriting,support
MooreWriting,icecreameveryday
BitGadget,music
BitGadget,music
BitGadget,store
BitGadget,tech
LOURDESALVARE15,free
LOURDESALVARE15,smurfsvillage
LOURDESALVARE15,week
mocha_guru,left
mocha_guru,cook
mocha_guru,stage
samer_almajali,bananakong
BieberRauhl94,holdtight
BieberRauhl94,waitforaminute
Papr8tzi,like
Papr8tzi,left
Papr8tzi,cook
Papr8tzi,cook
Papr8tzi,stage
Papr8tzi,business
Papr8tzi,business
andreeeeeww,stop
TechAficionado,offer
94Asfand,free
94Asfand,free
94Asfand,csrclassics
94Asfand,csrclassics
financialpost,design
financialpost,late
financialpost,cdntech
swagbeliebrr,waitforaminute
swagbeliebrr,waitforaminute
swagbeliebrr,song
swagbeliebrr,song
swagbeliebrr,clubsmash
gadgator,music
gadgator,music
gadgator,store
gadgator,story
gadgator,full
dorelaura,play
elaibilbao,smurfsvillage
bradwatanabe,offer
BurnTurbo,music
BurnTurbo,music
BurnTurbo,music
BurnTurbo,music
BurnTurbo,store
BurnTurbo,party
BurnTurbo,radio
TessaVSxx,beautiful
WillordCapulong,music
WillordCapulong,music
WillordCapulong,store
destroINC,free
destroINC,csrclassics
fridamatz,holdtight
fridamatz,waitforaminute
fridamatz,go
fridamatz,minute
fridamatz,lastkings
kristoferkawas,music
kristoferkawas,music
kristoferkawas,store
fatenfarhanieee,waitforaminute
fatenfarhanieee,song
fatenfarhanieee,clubsmash
rufflesdojustin,waitforaminute
rufflesdojustin,song
rufflesdojustin,clubsmash
calixagas,part
calixagas,full
thedanpieper,suckers
ohstopitsjustin,waitforaminute
ohstopitsjustin,song
ohstopitsjustin,clubsmash
Aury_97girl,waitforaminute
Aury_97girl,song
EDMslob,make
olusodjay,music
olusodjay,music
olusodjay,store
divergentlovato,go
Pangouser,use
Pangouser,card
Pangouser,fantasica
MusicBizTech,left
MusicBizTech,cook
MusicBizTech,stage
ILoveJustinQ,foreword
ILoveJustinQ,newmusic
lesleyann_t,idea
lesleyann_t,great
lesleyann_t,good
FitToBeChamp,responsible
FitToBeChamp,almost
FitToBeChamp,teamiphone
ubuntuaddicted,top
campus42,like
campus42,left
campus42,much
campus42,cook
campus42,cook
campus42,stage
TechCluster,music
TechCluster,music
TechCluster,store
TechAndBizNews,music
TechAndBizNews,music
TechAndBizNews,store
TechAndBizNews,technews
praiseeey,ever
navestalia,go
navestalia,ifeel
navestalia,autumn
HMBangash,music
HMBangash,music
HMBangash,store
HMBangash,gadgets
NorisVillage,morning
NorisVillage,good
NorisVillage,vegetable
NorisVillage,rice
HazzelPahlevi,music
HazzelPahlevi,music
HazzelPahlevi,store
ZenFlint,like
ZenFlint,left
ZenFlint,much
ZenFlint,cook
ZenFlint,cook
ZenFlint,stage
BMack764,responsible
BMack764,almost
benjamesempson,good
Kitisaktul,free
Kitisaktul,csrclassics
GadgetInfoNews,music
GadgetInfoNews,music
GadgetInfoNews,store
sfulreza_,music
sfulreza_,music
sfulreza_,store
NNarsenalive,space
jbsitalyshawty,waitforaminute
jbsitalyshawty,song
RCFA,back
ManushiH,well
ManushiH,eye
petriq13,free
petriq13,csrclassics
SeoMonster_,like
SeoMonster_,left
SeoMonster_,cook
SeoMonster_,cook
SeoMonster_,stage
SeoMonster_,mashable
AakarTech,left
AakarTech,cook
AakarTech,stage
thamooOoore,free
thamooOoore,csrclassics
UpdatesLMand1D,move
UpdatesLMand1D,move
UpdatesLMand1D,salute
anditttt,left
anditttt,cook
anditttt,stage
pohajbieber,holdtight
pohajbieber,waitforaminute
Tek2Hot,ios
Tek2Hot,android
etherealizm,design
etherealizm,design
Di_Knox,like
Di_Knox,left
Di_Knox,much
Di_Knox,cook
Di_Knox,cook
Di_Knox,stage
prfctlittlemix,move
prfctlittlemix,move
prfctlittlemix,salute
ikml1,igenius
ichals_,music
ichals_,music
ichals_,store
ideaimaji,like
ideaimaji,left
ideaimaji,cook
ideaimaji,cook
ideaimaji,stage
ideaimaji,ideatick
Golfnumber21,free
Golfnumber21,csrclassics
SosialitaGadget,music
SosialitaGadget,music
SosialitaGadget,store
iKidrauhl_1,holdtight
iKidrauhl_1,waitforaminute
iKidrauhl_1,filmfridays
iKidrauhl_1,top
iKidrauhl_1,week
sirajsol,like
sirajsol,left
sirajsol,cook
sirajsol,stage
sirajsol,news
sirajsol,news
sirajsol,tech
Devicenewsfeed,year
xoxoLizza,like
xoxoLizza,left
xoxoLizza,cook
xoxoLizza,cook
xoxoLizza,stage
xoxoLizza,use
xoxoLizza,news
ViviLittleM,stop
visontin,music
visontin,music
visontin,store
Musickidrauhls,holdtight
Musickidrauhls,waitforaminute
Musickidrauhls,waitforaminute
Musickidrauhls,song
Musickidrauhls,clubsmash
johnmicahchie,music
johnmicahchie,music
johnmicahchie,store
johnmicahchie,news
johnmicahchie,news
adsman35,complete
adsman35,guide
adsman35,summer
FCC_ID,like
FCC_ID,left
FCC_ID,much
FCC_ID,cook
FCC_ID,cook
FCC_ID,stage
Dan_Rogers186,need
ananzayn1,holdtight
ananzayn1,holdtight
ananzayn1,waitforaminute
ananzayn1,go
ananzayn1,room
ananzayn1,turn
ananzayn1,word
ananzayn1,musicmondays
EchoingSoundz,like
EchoingSoundz,left
EchoingSoundz,much
EchoingSoundz,cook
EchoingSoundz,cook
EchoingSoundz,stage
jamcnn,make
RayMaster13,left
RayMaster13,cook
RayMaster13,stage
RayMaster13,teamfollowback
RRage_Gamer,music
RRage_Gamer,music
RRage_Gamer,store
pharemmey,music
pharemmey,music
pharemmey,store
SP_Volkov,free
SP_Volkov,csrclassics
SP_Volkov,level
SP_Volkov,every
AvonCharmings,holdtight
AvonCharmings,waitforaminute
alfrevela,like
alfrevela,left
alfrevela,much
alfrevela,cook
alfrevela,cook
alfrevela,stage
mesirano55,music
mesirano55,music
mesirano55,store
WhatMoney1,writing
WhatMoney1,wall
TINMobileNews,watch
jdbfordemi,holdtight
jdbfordemi,waitforaminute
jdbfordemi,copy
kylebrigham,left
kylebrigham,cook
kylebrigham,stage
acadiadiv,join
Kidraul4life6,waitforaminute
swagxjustin_,holdtight
swagxjustin_,holdtight
swagxjustin_,holdtight
swagxjustin_,waitforaminute
swagxjustin_,song
swagxjustin_,clubsmash
swagxjustin_,go
swagxjustin_,go
swagxjustin_,room
swagxjustin_,turn
swagxjustin_,word
swagxjustin_,musicmondays
LovelsAllWeNeed,left
LovelsAllWeNeed,cook
LovelsAllWeNeed,stage
sasqitiara,waitforaminute
sasqitiara,song
sasqitiara,clubsmash
JoanaMalik1D,move
JoanaMalik1D,move
JoanaMalik1D,salute
SexWidBieber,go
SexWidBieber,tight
SexWidBieber,lyricsthatneedtobeshouted
SexWidBieber,holdtightonitunes
SexWidBieber,copy
strongjustindb,waitforaminute
strongjustindb,song
GavinJames88,forward
MLMAdvHelp,left
MLMAdvHelp,cook
MLMAdvHelp,stage
His_Future_OLLG,waitforaminute
His_Future_OLLG,song
His_Future_OLLG,clubsmash
taylorjessica92,education
taylorjessica92,education
taylorjessica92,mac
taylorjessica92,backtoschool
taylorjessica92,german
KingDjDrako,brother
KingDjDrako,sufferingfromsuccess
WITOnlineEvents,left
WITOnlineEvents,cook
WITOnlineEvents,stage
_apple_JACKS,morning
_apple_JACKS,right
_apple_JACKS,picture
Kamaregg,left
Kamaregg,cook
Kamaregg,stage
TechnologyDown,music
TechnologyDown,music
TechnologyDown,store
jasonelsom,left
jasonelsom,cook
jasonelsom,stage
FITradingApple,cover
NewStuffonMESH,watch
NewStuffonMESH,themesh
NewStuffonMESH,technology
peter_handy,like
peter_handy,left
peter_handy,much
peter_handy,cook
peter_handy,cook
peter_handy,stage
MiguelHonores,ready
MiguelHonores,space
MiguelHonores,space
MiguelHonores,smurfsvillage
CarmenCiar,like
CarmenCiar,left
CarmenCiar,much
CarmenCiar,cook
CarmenCiar,cook
CarmenCiar,stage
Bekah_Monster,like
Bekah_Monster,pie
Bekah_Monster,pie
dbrunet2000,like
dbrunet2000,left
dbrunet2000,much
dbrunet2000,cook
dbrunet2000,cook
dbrunet2000,stage
thixrlwall,go
OneAppyMama,free
OneAppyMama,free
HeyItsMagic,song
HeyItsMagic,together
erin_mcneal,like
erin_mcneal,left
erin_mcneal,much
erin_mcneal,cook
erin_mcneal,cook
erin_mcneal,stage
erin_mcneal,stage
vijuychavda,music
vijuychavda,music
vijuychavda,store
mobilegurl,like
mobilegurl,left
mobilegurl,much
mobilegurl,cook
mobilegurl,cook
mobilegurl,stage
AbazedGhazi,free
AbazedGhazi,csrclassics
dReal_supernova,like
dReal_supernova,left
dReal_supernova,much
dReal_supernova,cook
dReal_supernova,cook
dReal_supernova,stage
biebahsavon,waitforaminute
biebahsavon,song
biebahsavon,clubsmash
itzmide,like
itzmide,left
itzmide,much
itzmide,cook
itzmide,cook
itzmide,stage
kidrauhlred,go
kidrauhlred,love
kidrauhlred,way
kidrauhlred,sweeterthanfiction
ElzanPutri,holdtight
ElzanPutri,go
ElzanPutri,filmfridays
ElzanPutri,believemovie
HeathAJordan,like
HeathAJordan,left
HeathAJordan,much
HeathAJordan,cook
HeathAJordan,cook
HeathAJordan,stage
proudbelieberr8,holdtight
proudbelieberr8,go
proudbelieberr8,filmfridays
proudbelieberr8,believemovie
ykanibive,need
beliebermlmh,waitforaminute
beliebermlmh,waitforaminute
beliebermlmh,song
xjusthugme,waitforaminute
xjusthugme,song
xjusthugme,clubsmash
TheRealAniaaa,beautiful
TheRealAniaaa,beautiful
TheRealAniaaa,way
itshitsman,right
itshitsman,tiutuesday
itshitsman,tiumuzic
galath1,left
galath1,cook
galath1,stage
breezieFbabyyy,top
TECHCOIR,like
TECHCOIR,left
TECHCOIR,much
TECHCOIR,cook
TECHCOIR,cook
TECHCOIR,stage
flylieberr,waitforaminute
flylieberr,song
flylieberr,clubsmash
foundslove_,go
JayAteMyPizza,waitforaminute
JayAteMyPizza,song
MyCoolGeorge,see
MyCoolGeorge,beautiful
MyCoolGeorge,dark
MyCoolGeorge,open
_amayyy,hate
BiebsStyle,holdtight
BiebsStyle,waitforaminute
yousaf465,week
yousaf465,week
sarahalexandra3,like
sarahalexandra3,left
sarahalexandra3,much
sarahalexandra3,cook
sarahalexandra3,cook
sarahalexandra3,stage
tulene_manna,waitforaminute
tulene_manna,song
tulene_manna,clubsmash
tulene_manna,go
tulene_manna,minute
tulene_manna,lastkings
bieberscosmic,holdtight
bieberscosmic,waitforaminute
tattedjustin,waitforaminute
GeekGawk,geek
GeekGawk,nerd
GeekGawk,gamer
GeekGawk,tuaw
GettinEsBriddle,fruit
AmirulHanifx,freemusic
Maculous009,like
Maculous009,left
Maculous009,much
Maculous009,cook
Maculous009,cook
Maculous009,stage
kidrxhlscaylen,waitforaminute
kidrxhlscaylen,filmfridays
kidrxhlscaylen,top
X_066,like
X_066,left
X_066,much
X_066,cook
X_066,cook
X_066,stage
Danielsand,happy
Danielsand,reason
AnanseOnline,watch
AnanseOnline,left
AnanseOnline,cook
AnanseOnline,stage
AnanseOnline,tech
AnanseOnline,tech
AnanseOnline,socialmedia
AnanseOnline,technology
KanuPk,like
KanuPk,left
KanuPk,cook
KanuPk,cook
KanuPk,stage
KanuPk,teamperfect
MookGook,light
TygrScott,left
TygrScott,cook
TygrScott,stage
AshkaITsolution,like
AshkaITsolution,left
AshkaITsolution,much
AshkaITsolution,cook
AshkaITsolution,cook
AshkaITsolution,stage
Jeff_Bloomfield,baby
Jeff_Bloomfield,sister
Suhaibhaider,care
Suhaibhaider,cheap
Baz_2005,top
Baz_2005,look
DwiCahya75,like
DwiCahya75,left
DwiCahya75,much
DwiCahya75,cook
DwiCahya75,cook
DwiCahya75,stage
GalihFaiq_1D,go
Bryzoz_a_twit,free
Bryzoz_a_twit,join
Bryzoz_a_twit,csrracing
Vavoosh,like
Vavoosh,left
Vavoosh,much
Vavoosh,cook
Vavoosh,cook
Vavoosh,stage
Touchofviolet,book
Touchofviolet,picture
Innovatrs,touch
ZTannerS,free
ZTannerS,level
ZTannerS,csrracing
itmsfan,answer
iOSGaby,copy
Xjhanc,like
Xjhanc,left
Xjhanc,much
Xjhanc,cook
Xjhanc,cook
Xjhanc,stage
auddog26,go
pattyblest,like
pattyblest,left
pattyblest,much
pattyblest,cook
pattyblest,cook
pattyblest,stage
SuhaniDoctor,make
dmx19801980,free
dmx19801980,csrclassics
dmx19801980,level
dmx19801980,every
bramzens,music
bramzens,music
bramzens,store
freehugsofhoran,beautiful
freehugsofhoran,beautiful
freehugsofhoran,way
thecanadacom,line
SecuteMamacita,like
SecuteMamacita,slowdown
kidrahul2justin,holdtight
kidrahul2justin,go
kidrahul2justin,room
kidrahul2justin,turn
kidrahul2justin,word
kidrahul2justin,musicmondays
MCatalinTudor,free
MCatalinTudor,csrracing
biancabdam,free
biancabdam,sprout
adsociale,like
adsociale,left
adsociale,much
adsociale,cook
adsociale,cook
adsociale,stage
IluvJB4everrr,holdtight
IluvJB4everrr,waitforaminute
IluvJB4everrr,waitforaminute
artpop_drea,go
silvivareela,go
GeorgeZisPaun,like
GeorgeZisPaun,left
GeorgeZisPaun,much
GeorgeZisPaun,cook
GeorgeZisPaun,cook
GeorgeZisPaun,stage
dr4uhlfeels,waitforaminute
MediaCapsules,left
MediaCapsules,cook
MediaCapsules,stage
MediaCapsules,mashable
KiLLer_BarnieXz,dailyquote
KiLLer_BarnieXz,make
NoorThemes,like
NoorThemes,left
NoorThemes,much
NoorThemes,cook
NoorThemes,cook
NoorThemes,stage
GopalKChopra,line
GopalKChopra,size
GopalKChopra,ipads
cheesemosa,chance
cheesemosa,control
needjubsdb,waitforaminute
needjubsdb,song
T_Sadan12,go
heyitsnaim,left
heyitsnaim,cook
heyitsnaim,stage
msnwastika,like
msnwastika,left
msnwastika,much
msnwastika,cook
msnwastika,cook
msnwastika,stage
_justbieber__,holdtight
_justbieber__,holdtight
_justbieber__,go
iknowzain,till
CAVandy,start
CAVandy,year
JustinSyyy,go
Bendihossan,like
Bendihossan,right
Bendihossan,ship
Bendihossan,ship
Bendihossan,hole
Bendihossan,direction
GobironRyan,play
GobironRyan,itried
GobironRyan,teamruby
BhebyFaze,like
BhebyFaze,left
BhebyFaze,much
BhebyFaze,cook
BhebyFaze,cook
BhebyFaze,stage
slynamsu,like
slynamsu,left
slynamsu,much
slynamsu,cook
slynamsu,cook
slynamsu,stage
tommosvojce_,holdtight
tommosvojce_,waitforaminute
iPhone5S_ID,music
iPhone5S_ID,music
iPhone5S_ID,store
iPhone5S_ID,applenews
iPhone5S_ID,applenews
only_harmony,bettertogether
yanz10,part
adeswan,go
adeswan,fiction
CiciDuro,waitforaminute
CiciDuro,song
TechBulletin,left
TechBulletin,cook
TechBulletin,stage
PJBDrew,waitforaminute
PJBDrew,song
PJBDrew,clubsmash
PSwifty23,fiction
bt_vancouver,morning
bt_vancouver,go
bt_vancouver,btapp
justburnniper,free
justburnniper,csrclassics
AgMedia101,word
in_died,buywaitforaminuteonitunes
in_died,buyhold
wbir,story
wbir,tomorrow
Online_nvkz,free
Online_nvkz,csrclassics
sammie_0809,smurfsvillage
sammie_0809,way
SammieRPack,go
kimmiethinguyen,fall
5SOSTURBATE,store
luisbergante,left
luisbergante,cook
luisbergante,stage
janoskianbi3ber,waitforaminute
janoskianbi3ber,song
janoskianbi3ber,clubsmash
Riko_Lewis,like
Riko_Lewis,left
Riko_Lewis,much
Riko_Lewis,cook
Riko_Lewis,cook
Riko_Lewis,stage
PhebeOhYes,left
PhebeOhYes,cook
PhebeOhYes,stage
yleniaxx,holdtight
yleniaxx,waitforaminute
lorena__garcia_,price
lorena__garcia_,white
lorena__garcia_,camera
lorena__garcia_,connection
lorena__garcia_,end
CreativeFeedbac,wtf
beatriz_bieber9,waitforaminute
beatriz_bieber9,song
sg_iPhone5,music
sg_iPhone5,music
sg_iPhone5,store
sg_iPhone5,applenews
sg_iPhone5,applenews
droidportfolio,like
droidportfolio,left
droidportfolio,cook
droidportfolio,cook
droidportfolio,stage
droidportfolio,androidportfolio
GreenP0150n,music
GreenP0150n,music
GreenP0150n,store
GreenP0150n,applenews
GreenP0150n,applenews
GreenP0150n,applenews
DanielleNabours,book
MEGABRITNEYFAN,copy
MEGABRITNEYFAN,workbxxch
mininea,hard
mininea,enough
baptistedajon,copy
jdbgonewild,go
kenrex_,like
kenrex_,left
kenrex_,much
kenrex_,cook
kenrex_,cook
kenrex_,stage
adamoilanen,holdtight
adamoilanen,waitforaminute
demoski02,watch
idolhensley,beautiful
idolhensley,beautiful
idolhensley,way
galaxyrauhls,holdtight
galaxyrauhls,waitforaminute
galaxyrauhls,waitforaminute
shinefmNP,go
vladwanted1,free
vladwanted1,csrclassics
5HonTour,go
5HonTour,give
140Records,music
140Records,music
140Records,store
gracielamellizo,free
gracielamellizo,csrclassics
gracielamellizo,level
gracielamellizo,every
_lovekidrauhll,holdtight
_lovekidrauhll,waitforaminute
Bess,cook
Bess,board
Bess,school
morganbrooke101,much
morganbrooke101,shit
morganbrooke101,fuck
NextCourseBlog,like
robertore62,ipad
drauhltasty,holdtight
drauhltasty,waitforaminute
kidstratford_,waitforaminute
kidstratford_,song
poison_apple_ks,nowplaying
JhallaWalla,like
JhallaWalla,left
JhallaWalla,much
JhallaWalla,cook
JhallaWalla,cook
JhallaWalla,stage
swaggbelieber99,waitforaminute
swaggbelieber99,waitforaminute
swaggbelieber99,song
swaggbelieber99,song
swaggbelieber99,clubsmash
ama_prettiboi,like
ama_prettiboi,left
ama_prettiboi,much
ama_prettiboi,cook
ama_prettiboi,cook
ama_prettiboi,stage
erikwill,among
LannaDrewBieber,go
LannaDrewBieber,tight
LannaDrewBieber,lyricsthatneedtobeshouted
LannaDrewBieber,holdtightonitunes
CursoHootUNO,left
CursoHootUNO,cook
CursoHootUNO,stage
LGFundingGroup,like
LGFundingGroup,left
LGFundingGroup,much
LGFundingGroup,cook
LGFundingGroup,cook
LGFundingGroup,stage
paulzuke,like
paulzuke,left
paulzuke,cook
paulzuke,cook
paulzuke,stage
paulzuke,mashable
LilianCalvoR,smurfsvillage
LilianCalvoR,use
LilianCalvoR,clear
DemiWeAreProud,go
DemiWeAreProud,go
BB_Bufon,like
SolentSoundsDJ,like
SolentSoundsDJ,left
SolentSoundsDJ,much
SolentSoundsDJ,cook
SolentSoundsDJ,cook
SolentSoundsDJ,stage
historyben,like
historyben,thought
historyben,bed
historyben,sort
Yo0oYo0o1,holdtight
Yo0oYo0o1,waitforaminute
Warningfangirl,store
Warningfangirl,hard
BiebskiansTW,waitforaminute
BiebskiansTW,music
wsoeldner,left
wsoeldner,cook
wsoeldner,stage
SofiaMicaelaOK,holdtight
SofiaMicaelaOK,waitforaminute
jeroen072,hair
jeroen072,fire
auction_site,like
auction_site,left
auction_site,much
auction_site,cook
auction_site,cook
auction_site,stage
MariaVarella3,itunes
MariaVarella3,chain
MariaVarella3,chain
MariaVarella3,turnup
Imakickyou,beautiful
Imakickyou,beautiful
Imakickyou,way
ThomasWillie,like
ThomasWillie,left
ThomasWillie,cook
ThomasWillie,stage
ThomasWillie,socialmedia
ThomasWillie,technology
ThomasWillie,ad
fulano_vianca,like
fulano_vianca,left
fulano_vianca,much
fulano_vianca,cook
fulano_vianca,cook
fulano_vianca,stage
fulano_vianca,stage
Oye_PapiLindo,like
Oye_PapiLindo,left
Oye_PapiLindo,much
Oye_PapiLindo,cook
Oye_PapiLindo,cook
Oye_PapiLindo,stage
Oye_PapiLindo,stage
BaronFlowRD,like
BaronFlowRD,left
BaronFlowRD,much
BaronFlowRD,cook
BaronFlowRD,cook
BaronFlowRD,stage
BaronFlowRD,stage
DannyBates00,morning
DannyBates00,every
DannyBates00,honey
chitsorrilla,go
chitsorrilla,love
chitsorrilla,way
chitsorrilla,sweeterthanfiction
JensTielmann86,love
JensTielmann86,app
JensTielmann86,education
JensTielmann86,education
JensTielmann86,mac
JensTielmann86,language
JensTielmann86,osx
JensTielmann86,edtech
JensTielmann86,learning
JensTielmann86,learning
kidrauhlHappy,holdtight
kidrauhlHappy,waitforaminute
1lovatic_d,go
Mission4Maureen,like
Mission4Maureen,box
Mission4Maureen,open
Jelieber1125,waitforaminute
Jelieber1125,song
Apple_Master2,teamfollowwacky
Apple_Master2,autofollow
Apple_Master2,enjoy
Apple_Master2,uk
bieberelida,waitforaminute
bieberelida,song
bieberelida,clubsmash
flycka10,space
flycka10,smurfsvillage
LaLeigh97,open
gfdhgjsdfgjfjgh,go
gfdhgjsdfgjfjgh,minute
gfdhgjsdfgjfjgh,lastkings
kbinlovewithJB,holdtight
kbinlovewithJB,waitforaminute
MartyMorua,cook
iphonenewscente,back
iphonenewscente,top
