carriebaby77,mountain
carriebaby77,mountain
carriebaby77,smurfvillage
S2JessicaaS2,smurfsvillage
Miss_Moving_On,please
Miss_Moving_On,need
Miss_Moving_On,love
AMAAL_BLACK41,song
AMAAL_BLACK41,waitforaminute
jbsavior,song
jbsavior,waitforaminute
Steven_Friedman,watch
Steven_Friedman,comfort
Steven_Friedman,living
Steven_Friedman,room
plstjp,night
Lea_Maliik,move
Lea_Maliik,move
Lea_Maliik,salute
LilianaARPais,put
ChloeKinsley,please
ChloeKinsley,please
ChloeKinsley,please
ChloeKinsley,please
ChloeKinsley,love
ChloeKinsley,love
ChloeKinsley,love
ChloeKinsley,love
ChloeKinsley,song
ChloeKinsley,song
ChloeKinsley,song
ChloeKinsley,song
ChloeKinsley,downloadujbeautifullifenow
ChloeKinsley,downloadujbeautifullifenow
ChloeKinsley,downloadujbeautifullifenow
ChloeKinsley,downloadujbeautifullifenow
JaeBarz_TIU,right
JaeBarz_TIU,right
JaeBarz_TIU,right
JaeBarz_TIU,right
JaeBarz_TIU,right
JaeBarz_TIU,right
JaeBarz_TIU,right
JaeBarz_TIU,tiutuesday
JaeBarz_TIU,tiutuesday
JaeBarz_TIU,tiutuesday
JaeBarz_TIU,tiutuesday
JaeBarz_TIU,tiutuesday
JaeBarz_TIU,tiutuesday
JaeBarz_TIU,tiumuzic
JaeBarz_TIU,tiumuzic
JaeBarz_TIU,tiumuzic
JaeBarz_TIU,tiumuzic
JaeBarz_TIU,tiumuzic
JaeBarz_TIU,tiumuzic
AppleLebanon,special
AppleLebanon,appleinsider
AppleLebanon,cnet
AlexeQuintal,move
AlexeQuintal,move
AlexeQuintal,salute
sametarslan_,gunnerz
p3rlaaaa,app
will_gomes1,song
will_gomes1,go
will_gomes1,week
will_gomes1,lovatics
paag_08,beautiful
paag_08,beautiful
paag_08,way
Svetlio1,free
Svetlio1,csrclassics
brionybester,use
brionybester,sign
pmpjr,right
JCat_Styles,beautiful
JCat_Styles,beautiful
JCat_Styles,way
JensTielmann86,use
JensTielmann86,train
JensTielmann86,damn
JensTielmann86,cool
JensTielmann86,fast
JensTielmann86,typing
samchutani,free
samchutani,csrracing
iheartbieber_69,waitforaminute
iheartbieber_69,waitforaminute
iheartbieber_69,holdtight
Purdles314,music
Purdles314,store
natermac98,join
neonpirate_16,free
neonpirate_16,csrclassics
Apple_Seed14,free
Apple_Seed14,csrclassics
IMEVERYICON_,top
Monika_jdb,song
Monika_jdb,waitforaminute
Caro_Vega7,song
Caro_Vega7,waitforaminute
Caro_Vega7,waitforaminute
Caro_Vega7,holdtight
Caro_Vega7,clubsmash
emilynusskern,waitforaminute
emilynusskern,holdtight
Rcal_Liam_Pajne,move
Rcal_Liam_Pajne,move
Rcal_Liam_Pajne,salute
NarrySonia_,musicmondays
_FlyToNeverland,like
httpcabello,together
httpcabello,buybettertogetherepatmidnight
getjerryup_JB,musicmondays
suz1973luq,way
suz1973luq,like
suz1973luq,brother
suz1973luq,girl
M_Kasia,smurfsvillage
M_Kasia,week
M_Kasia,help
ana_walden,smurfsvillage
ana_walden,use
ana_walden,clear
hevuhj,pie
hevuhj,good
Diann_1D,waitforaminute
Diann_1D,holdtight
best_of_english,waitforaminute
biebercrewlover,song
biebercrewlover,waitforaminute
biebercrewlover,waitforaminute
biebercrewlover,waitforaminute
biebercrewlover,holdtight
IEatYouToKisses,waitforaminute
IEatYouToKisses,go
IEatYouToKisses,minute
IEatYouToKisses,lastkings
ZakheleNdlozi,like
ZakheleNdlozi,backseatvj
_PEXE_,store
_PEXE_,play
_PEXE_,darksummoner
misskeciboo,smurfsvillage
misskeciboo,love
misskeciboo,blue
misskeciboo,blue
misskeciboo,hanging
noelle_belieber,song
noelle_belieber,waitforaminute
noelle_belieber,clubsmash
5directionbiebs,go
5directionbiebs,support
5directionbiebs,number
shwetagoel07,love
shwetagoel07,room
shwetagoel07,go
shwetagoel07,holdtight
shwetagoel07,holdtight
shwetagoel07,holdtight
shwetagoel07,musicmondays
shwetagoel07,musicmondays
shwetagoel07,musicmondays
shwetagoel07,like
shwetagoel07,newmusic
shwetagoel07,turn
shwetagoel07,word
faq1214,app
marinashood,go
MirianaPrincess,go
HSheliza,smurfsvillage
HSheliza,game
IamBelieber_J,musicmondays
NovkovicBojana,song
NovkovicBojana,waitforaminute
NovkovicBojana,clubsmash
AtheerAbdullahM,go
AtheerAbdullahM,see
ciiindy62,song
ciiindy62,waitforaminute
ciiindy62,clubsmash
yuukiiswag,waitforaminute
yuukiiswag,holdtight
JenWilesRealtor,good
JenWilesRealtor,morning
JenWilesRealtor,applecreekoh
BarreraErandi,waitforaminute
BarreraErandi,holdtight
u_sammi,song
u_sammi,waitforaminute
MartellF,drink
paycrank,name
ddlpromise,letitgo
ddlpromise,letitgo
ddlpromise,letitgo
ddlpromise,buyletitgoonitunes
ddlpromise,buyletitgoonitunes
ddlpromise,buyletitgoonitunes
KaylaJacqueline,fact
KaylaJacqueline,look
seannarsenal,great
SwaggerPao,song
SwaggerPao,waitforaminute
SwaggerPao,room
SwaggerPao,go
SwaggerPao,go
SwaggerPao,holdtight
SwaggerPao,holdtight
SwaggerPao,holdtight
SwaggerPao,holdtight
SwaggerPao,musicmondays
SwaggerPao,clubsmash
SwaggerPao,turn
SwaggerPao,word
Smilejustin19,song
Smilejustin19,waitforaminute
Tanja_Ingman,song
Tanja_Ingman,waitforaminute
SwaggyGirl14,song
SwaggyGirl14,waitforaminute
khaeraniputri,musicmondays
AdrianPaicu,free
AdrianPaicu,csrclassics
nettechnews,news
CourtneyYoxall,beautiful
CourtneyYoxall,beautiful
CourtneyYoxall,way
ConstanaBoigues,move
ConstanaBoigues,move
ConstanaBoigues,salute
_lwis,forward
NewsCoSprings,coloradosprings
YaraAhmedXC,go
howneonlights,letitgo
howneonlights,buyletitgoonitunes
MarieToTheGomez,like
MarieToTheGomez,slowdown
JBsGirlfriend__,go
JBsGirlfriend__,tight
JBsGirlfriend__,lyricsthatneedtobeshouted
JBsGirlfriend__,holdtightonitunes
amellarrieux,newmusic
amellarrieux,ice
amellarrieux,cream
amellarrieux,icecreameveryday
54j33dh4,ios
YNorcop,gold
TantaNobel,tiger
TantaNobel,group
HeyJemi,go
thefinancepress,news
thefinancepress,wall
thefinancepress,wall
thefinancepress,street
thefinancepress,street
SamsonMicho,top
techdelight,technology
salikhan120,free
salikhan120,csrclassics
salikhan120,paintjob
swagpoha,song
swagpoha,waitforaminute
swagpoha,waitforaminute
swagpoha,go
swagpoha,holdtight
swagpoha,holdtight
swagpoha,foreword
swagpoha,filmfridays
swagpoha,believemovie
swagpoha,underdog
swagpoha,winning
ambervioletz,love
ambervioletz,able
ambervioletz,foreword
JustinBLoves_Br,waitforaminute
JustinBLoves_Br,holdtight
hazem,jo
hazem,tech
niswulandari,go
niswulandari,go
niswulandari,holdtight
niswulandari,holdtight
niswulandari,holdtight
niswulandari,take
niswulandari,head
niswulandari,ever
2016Dana,song
2016Dana,waitforaminute
2016Dana,clubsmash
MaShaRiIi22,smurfsvillage
MaShaRiIi22,complete
Radio929OnAir,nowplaying
Radio929OnAir,nowplaying
maitlyn10,waitforaminute
maitlyn10,waitforaminute
maitlyn10,holdtight
jockneycock,look
jockneycock,low
jockneycock,little
jockneycock,early
studiocafebleu,tree
studiocafebleu,photography
studiocafebleu,landscape
Fuv3111Thefuv,free
Fuv3111Thefuv,csrclassics
Fuv3111Thefuv,paintjob
hznll_camille,move
hznll_camille,move
hznll_camille,salute
taylorjessica92,education
taylorjessica92,education
taylorjessica92,education
taylorjessica92,education
taylorjessica92,chinese
taylorjessica92,chinese
taylorjessica92,mac
taylorjessica92,mac
taylorjessica92,backtoschool
taylorjessica92,languages
xitsmarco,dowhatuwant
xitsmarco,dowhatuwant
__MMUUNNHHAAAA,waitforaminute
__MMUUNNHHAAAA,holdtight
InRealLife14,morning
InRealLife14,cold
InRealLife14,fall
Auralicous,dowhatuwant
jessicalynndye,midnightmemories
ilookharry,beautiful
ilookharry,beautiful
ilookharry,way
alvolfc,store
alvolfc,al
heismyjdb,waitforaminute
heismyjdb,holdtight
patriciacs99,waitforaminute
patriciacs99,holdtight
1Falkenw,free
1Falkenw,csrclassics
Faridahim,credit
Faridahim,card
Faridahim,full
Catherine_JBAO,waitforaminute
Catherine_JBAO,holdtight
WhatTheFahad,like
WhatTheFahad,stone
demonic_1,store
demonic_1,play
demonic_1,darksummoner
Narmofrom,app
EmmyR50,love
Psoriasis_Care,memory
Psoriasis_Care,black
Psoriasis_Care,amazon
Jedwardismygod,go
gabys_alvez,together
PrezGabby,song
PrezGabby,waitforaminute
PrezGabby,room
PrezGabby,go
PrezGabby,holdtight
PrezGabby,musicmondays
PrezGabby,clubsmash
PrezGabby,turn
PrezGabby,word
KatPike17,much
Margauxvw,happy
Margauxvw,voice
nag_riya,room
nag_riya,go
nag_riya,holdtight
nag_riya,musicmondays
nag_riya,turn
nag_riya,word
steph_andres14,go
belieber199914,waitforaminute
belieber199914,holdtight
a_lefebvre412,gay
a_lefebvre412,cup
BieberSaidIt99,waitforaminute
BieberSaidIt99,holdtight
KidrauhlSpirit,make
KidrauhlSpirit,waitaminute
ItsMeMarissa_,foreword
ItsMeMarissa_,ever
CooperRepublic,obamacarefail
engelsperez,offer
sg_iPhone5,applenews
dblack2000,year
justinscupcake1,waitforaminute
justinscupcake1,holdtight
ZornitsaEdwards,waitforaminute
ZornitsaEdwards,holdtight
OhBieberSmile,song
OhBieberSmile,waitforaminute
OhBieberSmile,clubsmash
taniachenTC,holdtight
11_rochii,waitforaminute
11_rochii,holdtight
pwtwitt,special
idealabs_BE,watch
idealabs_BE,join
idealabs_BE,send
idealabs_BE,nerdfest
lilshortymamma4,song
lilshortymamma4,waitforaminute
lilshortymamma4,minute
lilshortymamma4,clubsmash
doctormiliani,smurfsvillage
doctormiliani,week
doctormiliani,use
oguzhan99a,metal
Joshuamarinez,fruit
OnlyBelieber08,waitforaminute
OnlyBelieber08,holdtight
VALERIESTAGRAM,good
owkidrxuhl,waitforaminute
owkidrxuhl,holdtight
The_Ldr_Diaries,love
The_Ldr_Diaries,design
The_Ldr_Diaries,iosapp
GeekGogari,give
GeekGogari,iwish
_JakeMorris_,go
sharonswagonme,waitforaminute
drrnwalker,smurfsvillage
drrnwalker,go
drrnwalker,journey
nancy_guevara11,move
nancy_guevara11,move
nancy_guevara11,salute
MSKSoftware,ipad
MSKSoftware,edge
MSKSoftware,esl
niceisone,start
niceisone,smell
boobearljps,waitforaminute
boobearljps,holdtight
CramerBuffett,attempt
CramerBuffett,rain
here4demis,go
here4demis,buyletitgoonitunes
Sonia_Balani,go
Sonia_Balani,minute
Sonia_Balani,lastkings
biebermethods,waitforaminute
biebermethods,holdtight
BiebsMyOneLuv,go
BiebsMyOneLuv,go
BiebsMyOneLuv,minute
BiebsMyOneLuv,lastkings
BiebsMyOneLuv,tight
BiebsMyOneLuv,lyricsthatneedtobeshouted
BiebsMyOneLuv,holdtightonitunes
robyn_morris95,move
robyn_morris95,move
robyn_morris95,salute
Malia2530R,move
Malia2530R,move
Malia2530R,salute
HTerezaH,waitforaminute
HTerezaH,holdtight
sigalBELIEVE,waitforaminute
sigalBELIEVE,holdtight
sigalBELIEVE,oneweektoshowmelove
Sevdemi,waitforaminute
Sevdemi,holdtight
_sexymama,love
_sexymama,love
_sexymama,give
StopMmt,move
StopMmt,move
StopMmt,salute
Ramadan_101,sweet
Ramadan_101,potato
Ramadan_101,soup
Ramadan_101,soup
barr1993,free
barr1993,csrclassics
barr1993,every
barr1993,level
al3xaandraaa,make
MACscbent,newmusic
MACscbent,money
MACscbent,itunes
MACscbent,scb
MACscbent,feelgoodhour
DFMarkets,attention
DFMarkets,attention
DFMarkets,company
DFMarkets,company
DFMarkets,present
DFMarkets,present
glennQNYC,gold
glennQNYC,development
Esha0511,free
Esha0511,csrclassics
penguinchanz,night
penguinchanz,record
penguinchanz,penguin
penguinchanz,sougofollow
DonnyVantage,group
DonnyVantage,start
DonnyVantage,pin
swagersie,waitforaminute
swagersie,holdtight
4n6ist,infosec
Apple_NoJuice,go
Apple_NoJuice,go
Apple_NoJuice,back
Apple_NoJuice,school
CoppessAnthony,way
CoppessAnthony,look
HoldTightJB_06,waitforaminute
HoldTightJB_06,holdtight
___biebslover,waitforaminute
Liloandlokmee,move
Liloandlokmee,move
Liloandlokmee,salute
_kyra__,waitforaminute
_kyra__,holdtight
itsmyrauhl,damn
itsmyrauhl,store
DeniseMcFaril,education
DeniseMcFaril,education
DeniseMcFaril,mac
DeniseMcFaril,backtoschool
DeniseMcFaril,russian
iChris,like
iChris,look
denis_dukki,free
denis_dukki,csrclassics
_MattyK,go
_MattyK,store
_MattyK,see
_MattyK,news
_MattyK,news
_MattyK,bad
tipsdemi,letitgo
tipsdemi,letitgo
tipsdemi,buyletitgoonitunes
tipsdemi,buyletitgoonitunes
alrweili12,app
stratfordsflaw,waitforaminute
stratfordsflaw,holdtight
Lolly_CDQ,love
Lolly_CDQ,go
Lolly_CDQ,holdtight
Lolly_CDQ,holdtight
Lolly_CDQ,musicmondays
Lolly_CDQ,take
Lolly_CDQ,head
Lolly_CDQ,ever
wesam_os,free
wesam_os,free
wesam_os,csrclassics
wesam_os,csrclassics
wesam_os,every
wesam_os,level
Thiskidis16,free
Thiskidis16,csrclassics
mikaaaellaaa,app
computerworlduk,store
jazzybarreto,waitforaminute
jazzybarreto,holdtight
HandyMummy,little
HandyMummy,design
HandyMummy,design
HandyMummy,pot
fab_om,like
fab_om,slowdown
JuanDelAngel8,free
JuanDelAngel8,free
JuanDelAngel8,csrclassics
JuanDelAngel8,csrclassics
pongnography,screw
xoCarissaBieber,song
xoCarissaBieber,waitforaminute
xoCarissaBieber,clubsmash
947WCSXOnAir,look
947WCSXOnAir,nowplaying
947WCSXOnAir,back
947WCSXOnAir,shapesocial
dgblades182,like
Francis_BTRTW,together
jamieco15014694,store
jamieco15014694,alice
jamieco15014694,reflex
bangersbangers,week
mauraammy,waitforaminute
mauraammy,holdtight
JenMessier,smurfsvillage
JenMessier,plant
JenMessier,space
JenMessier,moon
RockMeNiall_LM,love
RockMeNiall_LM,top
RockMeNiall_LM,number
RockMeNiall_LM,number
RockMeNiall_LM,look
RockMeNiall_LM,much
RockMeNiall_LM,much
RockMeNiall_LM,keep
RockMeNiall_LM,downloadujbeautiful
RockMeNiall_LM,downloa
RockMeNiall_LM,preorderbeautifullifeuj
igstore,watch
charliefghijkl,spintowin
charliefghijkl,happypark
technews_google,news
technews_google,technology
technews_google,among
akhundov_kamran,free
akhundov_kamran,csrclassics
murmadoni,free
murmadoni,csrclassics
murmadoni,paintjob
a_jey,market
a_jey,competition
a_jey,price
FadhilaJilan,waitforaminute
FadhilaJilan,waitforaminute
FadhilaJilan,top
FadhilaJilan,holdtight
FadhilaJilan,holdtight
FadhilaJilan,keep
_Al_ReeM__,tweepr
_Al_ReeM__,tweepr
mealku,dessert
mealku,nyc
mealku,foodies
mealku,foodiechats
sjh321,foreword
sjh321,ever
JONATIK95,song
JONATIK95,waitforaminute
LaineeAgen,song
LaineeAgen,waitforaminute
LaineeAgen,clubsmash
whoaJustinDrew,waitforaminute
whoaJustinDrew,holdtight
Khushal,fact
Khushal,make
indystar,news
kristisame,go
kristisame,holdtight
kristisame,number
naysa__,like
naysa__,cause
codstinlovers,waitforaminute
codstinlovers,go
codstinlovers,holdtight
codstinlovers,minute
codstinlovers,lastkings
ericdatwyler,week
ericdatwyler,week
DavidVeale1,support
DavidVeale1,unsigned
DavidVeale1,ukrap
FayePrior,put
FayePrior,turn
gr7ali,app
aurelienstireg,deep
aurelienstireg,house
aurelienstireg,copy
OversizeCranium,need
OversizeCranium,like
nellesan,use
nellesan,card
nellesan,fantasica
jdbscourage,song
jdbscourage,waitforaminute
jdbscourage,clubsmash
davidvbogart,way
davidvbogart,start
davidvbogart,kick
davidvbogart,carrot
davidvbogart,carrot
davidvbogart,orange
romina40948414,smurfsvillage
romina40948414,space
KevinKeplar,like
GarfieldFisher,top
Laura__Styles,song
Laura__Styles,ever
troyarnold97,free
troyarnold97,csrclassics
drewsfavegirl,song
drewsfavegirl,waitforaminute
hananBiebergirl,go
hananBiebergirl,holdtight
hananBiebergirl,number
Iriiinitaaa,go
Iriiinitaaa,go
Iriiinitaaa,charliecountryman
Slarti_IYH,please
Slarti_IYH,hand
jamesnhial2001,good
BronaghHood,beautiful
BronaghHood,beautiful
BronaghHood,way
aClassifiedAd,white
margsmith20,thought
margsmith20,eye
lesly_gandara,much
lesly_gandara,shit
lesly_gandara,fuck
gt77alajmi,stop
gt77alajmi,moose
lukas_ludwig,song
lukas_ludwig,waitforaminute
SysnetCardiff,free
MikeandCheese,back
cillian_obrien,special
cillian_obrien,feeling
cillian_obrien,birminghamday
cillian_obrien,bhampostdaily
nunziuccia,waitforaminute
nunziuccia,holdtight
WinxperisiGamze,song
WinxperisiGamze,waitforaminute
Sassyazzo,smurfsvillage
Sassyazzo,space
Johnhenderson87,free
Johnhenderson87,csrclassics
SCI77thm,past
SCI77thm,appletv
michaelbud6,chance
belieberNika33,waitforaminute
belieberNika33,holdtight
Dii_Cruz,waitforaminute
Dii_Cruz,top
Dii_Cruz,holdtight
neucity,clear
neucity,cover
xgivemelarryx,midnightmemories
breross25,like
breross25,good
breross25,sauce
breross25,helpyourself
breross25,yumyum
azooz232322,free
azooz232322,free
azooz232322,free
azooz232322,csrclassics
azooz232322,csrclassics
azooz232322,csrclassics
fco171,smurfsvillage
fco171,smurfsvillage
fco171,help
fco171,help
fco171,play
fco171,play
larry_m_quinton,rest
myidol_canadian,song
myidol_canadian,waitforaminute
myidol_canadian,clubsmash
erikdiepering,early
justeeeeenbieb,song
justeeeeenbieb,waitforaminute
justeeeeenbieb,go
justeeeeenbieb,minute
justeeeeenbieb,lastkings
justeeeeenbieb,clubsmash
Optimus_Primus_,good
Optimus_Primus_,yesterday
Ruthstevo,store
Ruthstevo,store
Ruthstevo,spice
Ruthstevo,yes
Stay_For_JB,song
Stay_For_JB,waitforaminute
derfbwh,fact
derfbwh,simple
qai5er,use
qai5er,use
qai5er,like
qai5er,nokia
qai5er,windows
qai5er,reallynow
iremswift13,love
iremswift13,go
iremswift13,way
iremswift13,sweeterthanfiction
cnyknmhmt,free
cnyknmhmt,csrracing
cutie11_pie,beautiful
cutie11_pie,beautiful
cutie11_pie,way
diypmaftw,please
diypmaftw,please
diypmaftw,white
diypmaftw,dear
diypmaftw,dear
diypmaftw,round
forevsjb,song
forevsjb,waitforaminute
forevsjb,clubsmash
Carlypalmer_,song
Carlypalmer_,waitforaminute
Carlypalmer_,clubsmash
SelenaKiel,waitforaminute
SelenaKiel,waitforaminute
SelenaKiel,holdtight
praxsozi,top
praxsozi,future
praxsozi,reading
will3g6,free
will3g6,csrclassics
DityaChan,week
DityaChan,year
DityaChan,money
DityaChan,nokiaworld
BallstheCat,yes
itssevero,stop
alexhern,political
angelicakyria,waitforaminute
areTRENDY_Songs,church
Shinng1,smurfsvillage
Shinng1,space
Shinng1,place
Shinng1,cut
silverbailer,free
silverbailer,csrclassics
silverbailer,paintjob
timelivenews,top
areTRENDY_iApps,carrot
TrueJustinDrew,song
TrueJustinDrew,waitforaminute
TrueJustinDrew,clubsmash
PrinceofTommo,waitforaminute
PrinceofTommo,go
PrinceofTommo,holdtight
abbymadisonn,cinnamon
techjunkieblog,star
CoralieChapman,ladybugfilters
ShaslingPacheco,go
ShaslingPacheco,minute
ShaslingPacheco,lastkings
Neishalyir,song
Neishalyir,song
Neishalyir,waitforaminute
Neishalyir,waitforaminute
Neishalyir,holdtight
Neishalyir,clubsmash
Neishalyir,number
Neishalyir,keep
thehassanian,justsaying
neladrew,waitforaminute
neladrew,holdtight
FodaseVoce929,go
Caaaaaaaaami15,song
Caaaaaaaaami15,waitforaminute
Caaaaaaaaami15,clubsmash
94KidrauhlAvon,song
94KidrauhlAvon,waitforaminute
94KidrauhlAvon,go
94KidrauhlAvon,minute
94KidrauhlAvon,lastkings
Kidrauhl0056BR,song
Kidrauhl0056BR,waitforaminute
macbookforsale,news
macbookforsale,offer
AnnaMcKnighttt,look
mattfrendewey,aca
galaxy_tx,morning
galaxy_tx,bad
galaxy_tx,sauce
chemann,smurfsvillage
chemann,week
chemann,help
Habeel90,responsible
Habeel90,almost
jcgs68,responsible
jcgs68,almost
kanewillo96,free
kanewillo96,csrclassics
mobipricein,fact
mobipricein,able
LABEL_MARS_BOT,musica
LABEL_MARS_BOT,informazioni
LABEL_MARS_BOT,giappone
Innis_Rocky_22,beautiful
Innis_Rocky_22,beautiful
Innis_Rocky_22,way
EddieMayan,watch
EddieMayan,technology
nicoled521,waitforaminute
nicoled521,holdtight
sommeedeego,watch
HileyBiebs,waitforaminute
HileyBiebs,holdtight
iAmChuch,watch
SimoneBachmann8,app
SimoneBachmann8,ios
SimoneBachmann8,texting
SimoneBachmann8,retweet
SimoneBachmann8,edtech
SimoneBachmann8,learn
alberto_vicent,smurfsvillage
alberto_vicent,way
RafinhaTardelli,song
RafinhaTardelli,go
AnnaLerneryd,simple
AnnaLerneryd,cake
AnnaLerneryd,cake
achik_botey,free
achik_botey,csrclassics
rkfriends,smurfsvillage
rkfriends,complete
PezzaMixers1D,move
PezzaMixers1D,move
PezzaMixers1D,salute
shitjdrew,song
shitjdrew,waitforaminute
shitjdrew,clubsmash
ConverterTech,nokia
ConverterTech,microsoft
ConverterTech,ipad
ssupportmyidols,song
ssupportmyidols,waitforaminute
DZHEELShowOff,game
Aylin_loves_1D,move
Aylin_loves_1D,move
Aylin_loves_1D,salute
asdfghjklmegan_,beautiful
asdfghjklmegan_,beautiful
asdfghjklmegan_,way
Noemiixe,song
Noemiixe,waitforaminute
Noemiixe,clubsmash
nwari_almarri,waitforaminute
nwari_almarri,waitforaminute
nwari_almarri,holdtight
empireofpezz,move
empireofpezz,move
empireofpezz,salute
BocaBeerLovers,everymilematters
JelenaGloria,waitforaminute
JelenaGloria,holdtight
angelofioren,watch
angelofioren,market
valebetacur,waitforaminute
valebetacur,holdtight
beliebe3r,song
beliebe3r,waitforaminute
beliebe3r,waitforaminute
beliebe3r,waitforaminute
beliebe3r,go
beliebe3r,holdtight
beliebe3r,minute
beliebe3r,lastkings
beliebe3r,clubsmash
labielaC,smurfsvillage
labielaC,complete
Kidraaaauhlx,right
Kidraaaauhlx,holdtight
Kidraaaauhlx,holdtight
Kidraaaauhlx,holdtight
Kidraaaauhlx,year
Kidraaaauhlx,well
Kidraaaauhlx,filmfriday
Kidraaaauhlx,buyholdtightonitunes
Gill24G,till
biebdorable_,song
biebdorable_,waitforaminute
biebdorable_,waitforaminute
biebdorable_,go
biebdorable_,holdtight
biebdorable_,holdtight
biebdorable_,holdtight
biebdorable_,musicmondays
biebdorable_,like
biebdorable_,minute
biebdorable_,lastkings
biebdorable_,clubsmash
biebdorable_,newmusic
topceilingfans,black
topceilingfans,light
topceilingfans,weight
lamukenya,black
lamukenya,light
lamukenya,weight
HShawgcity,free
HShawgcity,csrclassics
la_vero01,waitforaminute
la_vero01,holdtight
JustinIsMiBoy,song
JustinIsMiBoy,waitforaminute
SpartansRequiem,use
SpartansRequiem,technology
SpartansRequiem,siri
lala0584,waitforaminute
lala0584,holdtight
lala0584,musicmondays
Reb00t1,start
explicitlovato,go
LivingLifeDemi,go
LivingLifeDemi,support
sleuth_4_truths,orange
melissiachilder,mountain
melissiachilder,mountain
melissiachilder,smurfvillage
semeunacte,watch
no1celticsfan34,offer
rdvbes,watch
twt_sabah,year
wal1234512345,app
naatttaliiee,song
naatttaliiee,song
naatttaliiee,waitforaminute
naatttaliiee,waitforaminute
naatttaliiee,waitforaminute
naatttaliiee,go
naatttaliiee,holdtight
naatttaliiee,minute
naatttaliiee,lastkings
naatttaliiee,clubsmash
justin1994xoxo,waitforaminute
justin1994xoxo,holdtight
iRonak,watch
AlvarooOrozco,song
AlvarooOrozco,waitforaminute
AlvarooOrozco,go
AlvarooOrozco,minute
AlvarooOrozco,lastkings
AlvarooOrozco,clubsmash
kristalterrell,foreword
kristalterrell,make
kristalterrell,true
kristalterrell,regret
BiebsAngel_x,waitforaminute
BiebsAngel_x,holdtight
killix,watch
Akash1999Ghosh,watch
_PrettyBrown5,free
_PrettyBrown5,csrracing
_PrettyBrown5,level
NadiaOrtizJones,watch
dianeyATL,end
dianeyATL,dailyquote
KekesKidrauhl,morning
KekesKidrauhl,early
KekesKidrauhl,worklikeyouloveme
PawnPro,green
PawnPro,green
PawnPro,burn
PawnPro,fat
PawnPro,herbalife
nessi_music,move
nessi_music,move
nessi_music,salute
eamar1,watch
eamar1,tech
StuartAllcock,free
StuartAllcock,csrclassics
GUMusic,order
ilie_bixenon,free
ilie_bixenon,csrclassics
idkbiitch,waitforaminute
idkbiitch,holdtight
JANNAA99,look
NewsGadgets,night
NewsGadgets,see
NewsGadgets,offer
NewsGadgets,come
peyton_terry,waitforaminute
peyton_terry,holdtight
thasyabelieber1,song
thasyabelieber1,waitforaminute
thasyabelieber1,room
thasyabelieber1,go
thasyabelieber1,holdtight
thasyabelieber1,musicmondays
thasyabelieber1,clubsmash
thasyabelieber1,turn
thasyabelieber1,word
justinhxran,song
justinhxran,waitforaminute
justinhxran,clubsmash
Camuu_Swaggy,song
Camuu_Swaggy,waitforaminute
Camuu_Swaggy,clubsmash
ChazmyneSioson,room
ChazmyneSioson,go
ChazmyneSioson,holdtight
ChazmyneSioson,musicmondays
ChazmyneSioson,turn
ChazmyneSioson,word
CiEraNicoleLife,support
CiEraNicoleLife,ice
CiEraNicoleLife,cream
CiEraNicoleLife,copy
CiEraNicoleLife,goodmusic
CiEraNicoleLife,blisslife
FCBrazil5H,song
FCBrazil5H,together
FCBrazil5H,together
Deprauhl,waitforaminute
Deprauhl,holdtight
Clio_the_Leo,special
_beliebers_c,waitforaminute
_beliebers_c,holdtight
asfkjsmdw,song
asfkjsmdw,waitforaminute
asfkjsmdw,holdtight
benleeds,lifeinvader
AbedAb1994d,free
AbedAb1994d,csrclassics
BellaVon7,game
BellaVon7,dark
BellaVon7,horse
ryeramos,free
ryeramos,join
We_love_fredo,waitforaminute
We_love_fredo,music
Huhnke,week
Huhnke,week
CaliDreeamin,free
CaliDreeamin,csrclassics
FitClubRick,fruit
MiCosta_dl,go
ottermo,take
tawake,beautiful
tawake,way
tawake,free
katyapps,watch
Pilojan,watch
swaggywii,song
swaggywii,waitforaminute
swaggywii,clubsmash
TWFanmilyOz,wordofmouth
justinstrafuss,responsible
justinstrafuss,almost
BlackBelieber69,song
BlackBelieber69,waitforaminute
BlackBelieber69,waitforaminute
BlackBelieber69,holdtight
Yuzuha_Soushi,need
Yuzuha_Soushi,fall
Yuzuha_Soushi,bad
cimdirharmonyxx,move
cimdirharmonyxx,move
cimdirharmonyxx,salute
PublicRumours,watch
smsm_km,tweepr
smsm_km,tweepr
zerrieforever13,waitforaminute
zerrieforever13,holdtight
abmstar14,go
abmstar14,minute
abmstar14,lastkings
ddlovato1602,go
qristen,use
qristen,card
qristen,fantasica
mengossmjle,go
georgia_lyon,beautiful
georgia_lyon,beautiful
georgia_lyon,way
SureNora,pine
SureNora,pine
SureNora,pine
justinslolllly,song
justinslolllly,waitforaminute
justinslolllly,clubsmash
Ali_LovesBieber,song
Ali_LovesBieber,waitforaminute
Ali_LovesBieber,clubsmash
nicharee_pay,waitforaminute
nicharee_pay,holdtight
ayeobiebs,go
ayeobiebs,minute
ayeobiebs,lastkings
VivaLaSang,much
VivaLaSang,shit
VivaLaSang,fuck
candyO1991,book
candyO1991,smartbooks
69TeamBiebz,waitforaminute
69TeamBiebz,holdtight
JBbealright,waitforaminute
JBbealright,holdtight
Ken_Rocker,smurfsvillage
Ken_Rocker,use
Ken_Rocker,clear
MorgannPreece,fact
MorgannPreece,fact
MorgannPreece,ever
MorgannPreece,make
MorgannPreece,juststicktotheoldone
yulc26,smurfsvillage
yulc26,part
yulc26,healthy
loraine0bieber,song
loraine0bieber,waitforaminute
loraine0bieber,clubsmash
secute_biebeer,song
secute_biebeer,waitforaminute
secute_biebeer,go
secute_biebeer,minute
secute_biebeer,lastkings
stevesoleimani,keep
stevenrshaw,love
paytouch,watch
xToNouSou,free
xToNouSou,csrclassics
whocarejb,right
whocarejb,holdtight
whocarejb,well
whocarejb,filmfriday
InfluentialAxs,good
InfluentialAxs,morning
InfluentialAxs,news
InfluentialAxs,keep
InfluentialAxs,eye
InfluentialAxs,well
justinlove6409,waitforaminute
MazzieDiaz1,go
KidrauhlJovana,song
KidrauhlJovana,waitforaminute
KidrauhlJovana,waitforaminute
KidrauhlJovana,holdtight
KidrauhlJovana,clubsmash
UnionJFrJCats,beautiful
UnionJFrJCats,beautiful
UnionJFrJCats,way
infoarthisoft,school
safana90,go
yongdea,smurfsvillage
yongdea,part
yongdea,healthy
JacquelineD77,education
JacquelineD77,education
JacquelineD77,education
JacquelineD77,education
JacquelineD77,mac
JacquelineD77,retweet
JacquelineD77,edtech
JacquelineD77,edtech
JacquelineD77,learning
JacquelineD77,learning
JacquelineD77,spanish
JacquelineD77,spanish
JacquelineD77,macbook
JacquelineD77,osx
JacquelineD77,osx
JacquelineD77,teaching
JacquelineD77,teaching
Djchelseaboy,ghetto
Djchelseaboy,ep
Djchelseaboy,girlsinthemiddle
momacows,use
Themacaddress,watch
Themacaddress,tomorrow
RociiLuquez,waitforaminute
RociiLuquez,holdtight
dakidwhorauhls,go
dakidwhorauhls,go
dakidwhorauhls,top
dakidwhorauhls,holdtight
dakidwhorauhls,holdtight
dakidwhorauhls,holdtight
dakidwhorauhls,number
dakidwhorauhls,little
dakidwhorauhls,work
breanna_light,app
a_yosif,tweepr
BiancaSavonrola,watch
BiancaSavonrola,tech
leli1106,free
leli1106,send
MillieMJackson,beautiful
MillieMJackson,see
MillieMJackson,dark
MillieMJackson,open
frzxhm,use
frzxhm,private
helenoreis,art
CiloCecil,song
CiloCecil,waitforaminute
CiloCecil,clubsmash
Blanch_Zygmont,like
Blanch_Zygmont,skin
JasonMilesLomas,free
JasonMilesLomas,csrracing
JasonMilesLomas,join
_AdriannaMtz,waitforaminute
_AdriannaMtz,holdtight
JenniFlight91,education
JenniFlight91,education
JenniFlight91,education
JenniFlight91,education
JenniFlight91,mac
JenniFlight91,mac
JenniFlight91,backtoschool
JenniFlight91,backtoschool
JenniFlight91,spanish
JenniFlight91,french
thegotoladies,watch
MichaelEging,head
MichaelEging,story
UGADawgsSong,game
UGADawgsSong,ready
UGADawgsSong,godawgs
UGADawgsSong,godawgs
UGADawgsSong,takeusviral
UGADawgsSong,takeusviral
mariakidrauhl__,song
mariakidrauhl__,waitforaminute
mariakidrauhl__,clubsmash
Wife_ofBIEBER,go
Wife_ofBIEBER,minute
Wife_ofBIEBER,lastkings
belieber_Sswaag,holdtight
belieber_Sswaag,little
belieber_Sswaag,work
kayyo_,free
kayyo_,csrclassics
MaleHdzA,smurfsvillage
MaleHdzA,complete
zip_man778,beautiful
zip_man778,see
zip_man778,dark
zip_man778,open
marcx_hughes,watch
_amber_b,smurfsvillage
_amber_b,space
miteng25,play
BieberCombo,song
BieberCombo,waitforaminute
BieberCombo,clubsmash
arifavretto99,midnightmemories
ViTiX,special
AntoniaBelieber,song
AntoniaBelieber,waitforaminute
AntoniaBelieber,clubsmash
abihiestand,waitforaminute
abihiestand,holdtight
tal_shirinn,go
tal_shirinn,minute
tal_shirinn,lastkings
xo__adri,song
xo__adri,watch
xo__adri,itunes
xo__adri,itwontstop
xo__adri,musicvideo
teeemaaaa,free
teeemaaaa,csrclassics
indigo102,store
MajelAndroid,ios
__SerenaBieber,waitforaminute
__SerenaBieber,top
__SerenaBieber,holdtight
YumTunes,need
YumTunes,way
YumTunes,screw
YumTunes,bbm
YumTunes,rim
naomidancer_,song
naomidancer_,waitforaminute
naomidancer_,clubsmash
DerzaditRSD,free
DerzaditRSD,free
DerzaditRSD,csrclassics
DerzaditRSD,csrclassics
techynewstoday,news
techynewstoday,news
techynewstoday,tech
techynewstoday,tech
techynewstoday,ipad
techynewstoday,gadgets
Dr_Tejeda,smurfsvillage
Dr_Tejeda,space
Ifa_Tshish,south
justinsafe,musicmondays
PakNewsPortal,technologynews
LoveableLynzie,like
LoveableLynzie,eye
LoveableLynzie,well
LoveableLynzie,boy
cara_rm,need
cara_rm,like
CarlaGzelle,go
CarlaGzelle,holdtight
CarlaGzelle,filmfridays
CarlaGzelle,believemovie
USAClassifiedAd,silver
Beerzaaaa,news
Beerzaaaa,technology
iamKyleFox,top
alibullock,iwatch
emely515,song
emely515,waitforaminute
emely515,clubsmash
feralvarezaya,song
feralvarezaya,waitforaminute
salito789,song
salito789,waitforaminute
salito789,clubsmash
RubySmile34,waitforaminute
RubySmile34,holdtight
angxlasanchez,go
angxlasanchez,minute
angxlasanchez,lastkings
x_FlawsAndAll_,turn
tommi2112,free
tommi2112,csrclassics
gjorauhl,waitforaminute
gjorauhl,holdtight
bieber_or_die94,song
bieber_or_die94,waitforaminute
bieber_or_die94,clubsmash
Rcleyde,move
Rcleyde,move
Rcleyde,salute
needsdrew,minute
mowglidaredevil,free
mowglidaredevil,csrclassics
mowglidaredevil,join
mowglidaredevil,hotplate
Yorgeliis_JB,waitforaminute
Yorgeliis_JB,holdtight
thewink07,smurfsvillage
thewink07,complete
diana177JB,waitforaminute
diana177JB,holdtight
Harrington_Mike,whathaveibecome
MR_PUNJABI,offer
Changjo_s_Andee,stop
Changjo_s_Andee,moose
frenchy26mark,store
frenchy26mark,take
frenchy26mark,r
tc_tandayu,go
tc_tandayu,minute
tc_tandayu,lastkings
BeatzBeatz0,self
BeatzBeatz0,hiphop
ParcoursLLP,app
AjmilaS,waitforaminute
AjmilaS,holdtight
shirkaan76,free
shirkaan76,csrclassics
HanyMiley,waitforaminute
HanyMiley,holdtight
shaanelahi1,free
shaanelahi1,csrclassics
408ROO,year
408ROO,far
408ROO,airpollution
YungGabbo_,much
YungGabbo_,shit
YungGabbo_,fuck
rabah_wael,tch
whyhellonatalie,musicmondays
SPCrowley,cinnamon
SPCrowley,banana
CraigGeoghegan,free
CraigGeoghegan,csrclassics
AreaStream,watch
luisana_urd,song
luisana_urd,waitforaminute
luisana_urd,clubsmash
ridleniv,app
_Jill_Larson_,great
_Jill_Larson_,sleep
franciinii,go
STWard_Team,girl
STWard_Team,girl
STWard_Team,girl
STWard_Team,galwaygirlwardfosterandallen
STWard_Team,galwaygirlwardfosterandallen
STWard_Team,galwaygirlwardfosterandallen
infinityirwin_,move
infinityirwin_,move
infinityirwin_,salute
adamleerussell,glass
TeamBieber0006,song
TeamBieber0006,waitforaminute
trinimonster12,free
trinimonster12,csrracing
trinimonster12,join
robertwli,offer
wmj1102,use
wmj1102,sign
kedamusiq,smurfsvillage
kedamusiq,week
kedamusiq,use
Giss_Luvs_Biebs,waitforaminute
Giss_Luvs_Biebs,holdtight
Saaayruh,app
samirbellik,watch
TJKalogianis,internet
LibertyIsNow,watch
LibertyIsNow,tlot
LibertyIsNow,amagi
LibertyIsNow,tcot
PvFord,free
PvFord,csrclassics
9SAO,technologynews
carole_belieber,waitforaminute
bobbywastaken,free
bobbywastaken,support
bobbywastaken,instrumentsofmercy
7x7v,technologynews
stempelen,free
stempelen,csrclassics
AnnaBieber3,song
AnnaBieber3,waitforaminute
AnnaBieber3,clubsmash
tech_twt,watch
tech_twt,tech
tech_twt,tech
littlebitesMW,love
realfittedroom,shitty
realfittedroom,interest
CSMC_Tech,watch
inkingbravery,store
inkingbravery,hour
lynnie2626,song
lynnie2626,somebodysavedyou
lynnie2626,firefighters
lynnie2626,firstresponders
skylarlesterJB,song
skylarlesterJB,waitforaminute
skylarlesterJB,clubsmash
MyLifeOnline4u,watch
cdnpirate,free
cdnpirate,csrclassics
opart31,room
opart31,tree
opart31,art
opart31,twi
JwcKennedy,watch
_NeedKidrauhl,waitforaminute
_NeedKidrauhl,holdtight
xbethechange,song
xbethechange,waitforaminute
xbethechange,clubsmash
noeliabautista3,waitforaminute
noeliabautista3,holdtight
JaVona_Harris,use
xgivemejustin,right
xgivemejustin,holdtight
xgivemejustin,well
xgivemejustin,filmfriday
_VoiceOfValor_,doodlejump
nathancoleman0,free
nathancoleman0,csrclassics
biebsfeer,waitforaminute
biebsfeer,holdtight
JND08,ever
SteveH1982,hmv
rrvhreardon,help
rrvhreardon,question
rrvhreardon,test
1DVanctyUpdates,store
BHaley75,free
BHaley75,csrclassics
_sexvato,together
ciastinbibaah,holdtight
ciastinbibaah,number
ciastinbibaah,keep
applenws,special
ImJDBiebersWife,right
ImJDBiebersWife,holdtight
ImJDBiebersWife,well
ImJDBiebersWife,filmfriday
BiebersWife1994,song
BiebersWife1994,waitforaminute
BiebersWife1994,waitforaminute
BiebersWife1994,clubsmash
ColtenRoz,free
ColtenRoz,csrclassics
ColtenRoz,every
ColtenRoz,level
adrianaariff712,move
adrianaariff712,move
adrianaariff712,salute
saranellies,watch
saintdreya,smurfsvillage
saintdreya,plant
saintdreya,space
saintdreya,moon
lloyduniverse__,movevideo
lloyduniverse__,preordermove
oilersman64,night
oilersman64,tree
oilersman64,back
RudyTrematerra,offer
iamneethish,watch
WesleysKidrauhl,waitforaminute
sonymusicsg,move
sonymusicsg,move
sonymusicsg,salute
mlane723,smurfsvillage
mlane723,way
enibelieve98,song
enibelieve98,waitforaminute
_claudiaolg,waitforaminute
_claudiaolg,holdtight
turnupwithbiebs,song
turnupwithbiebs,waitforaminute
turnupwithbiebs,clubsmash
FirstBelieber98,song
FirstBelieber98,waitforaminute
FirstBelieber98,clubsmash
bobbyedegbo,take
bobbyedegbo,price
bobbyedegbo,order
JoannaBelieber6,waitforaminute
JoannaBelieber6,holdtight
monika_belieber,go
monika_belieber,holdtight
monika_belieber,holdtight
monika_belieber,holdtight
monika_belieber,musicmondays
monika_belieber,like
monika_belieber,newmusic
monika_belieber,take
monika_belieber,head
monika_belieber,ever
Elma_Mahone,like
Elma_Mahone,slowdown
gaz40k,free
gaz40k,free
gaz40k,ipod
gaz40k,follower
DylanOregui,like
francyCorner90,use
francyCorner90,cool
francyCorner90,freelancer
francyCorner90,timesheet
Tuta_Hood,free
Tuta_Hood,csrclassics
Tuta_Hood,every
Tuta_Hood,level
thirlwzll,move
thirlwzll,move
thirlwzll,salute
7amdalhmmadi,free
7amdalhmmadi,csrclassics
Biebernicorn,go
Biebernicorn,tight
Biebernicorn,lyricsthatneedtobeshouted
Biebernicorn,holdtightonitunes
FzMaximin,happy
FzMaximin,happy
FzMaximin,quoteoneygirls
brightstartapps,right
brightstartapps,store
brightstartapps,number
brightstartapps,education
brightstartapps,education
brightstartapps,appsforkids
brightstartapps,specialneeds
JustinBr_Fan,song
JustinBr_Fan,waitforaminute
JustinBr_Fan,clubsmash
altima93lov,free
altima93lov,csrclassics
DetaDoctor,countrymusic
DetaDoctor,rock
valeriamarullo,waitforaminute
valeriamarullo,holdtight
Down2DT,love
Down2DT,deep
demolllll,book
JessyPelletier,smurfsvillage
JessyPelletier,space
Jewminatti,use
Jewminatti,friends
Jewminatti,fans
Jewminatti,supporters
Jewminatti,hashtag
Jewminatti,pound
Jewminatti,jewminatti
Jewminatti,jewminattiganggang
Jewminatti,usa
atziriswaggy,waitforaminute
atziriswaggy,holdtight
HubTwit,line
amymwicks,give
RetweetPhoenix,technology
RetweetPhoenix,ipad
YleniaCorrenti1,song
YleniaCorrenti1,waitforaminute
tiararango31,free
tiararango31,csrclassics
tiararango31,every
tiararango31,level
MakariosAgumbi,responsible
MakariosAgumbi,almost
WoolyBear26,go
KiddChroN,way
KiddChroN,way
KiddChroN,hecookin
KiddChroN,hecookin
Fettabob,free
Fettabob,csrclassics
CannonballMail,start
1D5SOSLMTScript,move
1D5SOSLMTScript,move
1D5SOSLMTScript,salute
Semihkol,free
Semihkol,csrracing
Semihkol,join
Pauliie_,use
SweetLipzJ29,smurfsvillage
DCYPLE4LIFE,wakeupep
DCYPLE4LIFE,dcypha
danisuitpatco,keep
danisuitpatco,cause
Janetzybiebs,song
Janetzybiebs,waitforaminute
Blastingcold,smurfsvillage
Blastingcold,way
The_PurpleRose,damn
tuitui13,join
tuitui13,mine
tuitui13,control
EA_SouthAfrica,free
EA_SouthAfrica,south
yuribieber96,waitforaminute
SamReedy1,yes
Gianna_Vias,sauce
Gianna_Vias,sausage
fanwebsiteApps,watch
fanwebsiteApps,education
fanwebsiteApps,education
fanwebsiteApps,mac
fanwebsiteApps,russian
fanwebsiteApps,learning
fanwebsiteApps,learning
fanwebsiteApps,osx
fanwebsiteApps,gadgets
fanwebsiteApps,tc
fanwebsiteApps,ipadevent
fanwebsiteApps,techcru
hillpups,free
hillpups,csrclassics
MostlyHated_,word
raniakhan136,song
raniakhan136,waitforaminute
raniakhan136,clubsmash
ZunSmith,free
ZunSmith,csrclassics
ZunSmith,paintjob
EmelOturu,watch
KarlShowbiz,news
KarlShowbiz,appletv
CoreyRoland,fall
SvetaSky_,love
SvetaSky_,newmusic
SvetaSky_,foreword
SvetaSky_,much
SvetaSky_,heart
Episistune,watch
Episistune,appleevent
ToriKellyUK,foreword
JaitlinF,waitforaminute
JaitlinF,waitforaminute
JaitlinF,holdtight
PessoaJo,smurfsvillage
PessoaJo,space
PessoaJo,place
PessoaJo,cut
maidaimao,use
maidaimao,card
maidaimao,fantasica
eliselol,whale
cathrinebraaten,free
cathrinebraaten,whatstheemoji
Brandon_Ellis12,green
Brandon_Ellis12,homewardbound
KaterynaByelova,song
KaterynaByelova,waitforaminute
KaterynaByelova,waitforaminute
KaterynaByelova,clubsmash
KrystyneElliott,sad
KrystyneElliott,seem
yeoljik,make
KynBieber,waitforaminute
KynBieber,waitforaminute
KynBieber,holdtight
strongsdrew,letitgo
strongsdrew,buyl
Dope_PrttyBxtch,app
MinWinTheGreat,like
MinWinTheGreat,start
MinWinTheGreat,business
MinWinTheGreat,hope
A7MDMARIO,free
A7MDMARIO,csrclassics
avonsbieba,waitforaminute
avonsbieba,waitforaminute
avonsbieba,holdtight
MADEINUSA99,waitforaminute
MADEINUSA99,waitforaminute
MADEINUSA99,holdtight
ceciliapepi,song
ceciliapepi,waitforaminute
ceciliapepi,like
ceciliapepi,clubsmash
ceciliapepi,slowdown
SMILE_LOVATICS,go
VLindero,waitforaminute
VLindero,holdtight
frato_rt_bot,school
frato_rt_bot,cook
frato_rt_bot,board
chershomie,move
chershomie,move
chershomie,salute
zulkar_98,eye
zulkar_98,cumannanya
BieberSWAGG096,waitforaminute
BieberSWAGG096,holdtight
eBook_Thrillers,book
eBook_Thrillers,book
eBook_Thrillers,ibooks
eBook_Thrillers,romance
eBook_Thrillers,scifi
Abo__Sameer,free
Abo__Sameer,csrracing
Abo__Sameer,join
DJQuincyuk,stick
_ilovekidrauhl,waitforaminute
_ilovekidrauhl,holdtight
kjl_12,fitquote
ImSultannn,tweepr
kidrauhlsmower,waitforaminute
kidrauhlsmower,holdtight
yoyoz2000,free
yoyoz2000,free
yoyoz2000,csrclassics
yoyoz2000,csrclassics
cutemee,free
cutemee,csrclassics
Bodhi68777,dailyquote
Bodhi68777,qotd
viragdesai,watch
MyIdol_JustinDB,go
MyIdol_JustinDB,holdtight
MyIdol_JustinDB,holdtight
MyIdol_JustinDB,take
MyIdol_JustinDB,head
MyIdol_JustinDB,ever
MyIdol_JustinDB,little
MyIdol_JustinDB,work
rituashrafi,little
rituashrafi,eye
T_Tommy,touch
xswagway,waitforaminute
xswagway,holdtight
husnul462,top
husnul462,back
bigsam18,little
bigsam18,dailyquote
jasmine_sumirat,store
jasmine_sumirat,store
MunaAdell,move
MunaAdell,move
MunaAdell,salute
JDBfavgirl,waitforaminute
JDBfavgirl,waitforaminute
JDBfavgirl,holdtight
applenews_us,much
Life_demoniac,waitforaminute
Life_demoniac,holdtight
Onikalauryn,love
Onikalauryn,deep
miamcsummer88,app
miamcsummer88,cool
miamcsummer88,game
miamcsummer88,game
miamcsummer88,ios
miamcsummer88,test
miamcsummer88,hard
chloedulce,support
chloedulce,group
chloedulce,farm
HiTechFeed,offer
HiTechFeed,year
HiTechFeed,hightech
HiTechFeed,hightech
HiTechFeed,macrumors
HiTechFeed,macrumors
HiTechFeed,late
Fishinforbiebs,waitforaminute
Fishinforbiebs,holdtight
MeMyselfnNicole,waitforaminute
MeMyselfnNicole,holdtight
zeynepkaplaan,water
zeynepkaplaan,water
zeynepkaplaan,friend
zeynepkaplaan,friend
zeynepkaplaan,scholl
zeynepkaplaan,funny
zeynepkaplaan,rejim
ilayd_akn,room
ilayd_akn,go
ilayd_akn,holdtight
ilayd_akn,musicmondays
ilayd_akn,turn
ilayd_akn,word
megarich22x,business
Amad_C4clan,store
Ka296,beautiful
selenator1dlm,like
selenator1dlm,slowdown
WithMccann,waitforaminute
WithMccann,holdtight
lulubunny0_0,smurfsvillage
lulubunny0_0,island
LovesTata,go
LovesTata,tight
LovesTata,lyricsthatneedtobeshouted
LovesTata,holdtightonitunes
jordrobinsonn,right
jordrobinsonn,like
kidrauhlsgurl16,waitforaminute
kidrauhlsgurl16,holdtight
xsarschax,hair
xsarschax,fire
leidy_joha55,store
dabieberswag12,love
dabieberswag12,go
dabieberswag12,way
dabieberswag12,sweeterthanfiction
3pointSolutions,thisisukgrime
jopocop,ios
jopocop,mobile
jopocop,google
jopocop,android
jopocop,aapl
jopocop,goog
Monica_1256,waitforaminute
Monica_1256,holdtight
NewsAceTV,technology
NewsAceTV,technology
NaomiClark97,song
NaomiClark97,brother
NaomiClark97,hope
CournoyerMe,freemusic
FSupavit,free
FSupavit,csrclassics
the_real_smith,watch
lianett313,song
lianett313,waitforaminute
lianett313,go
lianett313,minute
lianett313,lastkings
SMH_Historians,history
SMH_Historians,history
SMH_Historians,scotland
Milton_Bermudez,smurfsvillage
Milton_Bermudez,help
Milton_Bermudez,play
UCWNews,watch
UCWNews,technology
UCWNews,ucwradio
jackie09228,waitforaminute
jackie09228,go
jdbismyheroooo,song
jdbismyheroooo,waitforaminute
jdbismyheroooo,clubsmash
JimmyyLiv,waitforaminute
JimmyyLiv,holdtight
Okaana_Kaantu,fruit
Okaana_Kaantu,screw
dir_lm2525,move
dir_lm2525,move
dir_lm2525,salute
mscandyapple123,smurfsvillage
mscandyapple123,way
1Dprincesssssss,beautiful
1Dprincesssssss,beautiful
1Dprincesssssss,way
lioszik,free
lioszik,csrclassics
Id898,free
Id898,csrclassics
6SigmaProEngr,watch
AlexisNFisher,smurfsvillage
AlexisNFisher,space
AlexisNFisher,place
AlexisNFisher,cut
bealey45,store
bealey45,take
mmaren,book
icallhimjerry,go
icallhimjerry,tight
icallhimjerry,lyricsthatneedtobeshouted
icallhimjerry,holdtightonitunes
TSwizzleLover13,fiction
EpricitySam,watch
belieber1505_,waitforaminute
belieber1505_,waitforaminute
belieber1505_,holdtight
AylineCuellar,newmusic
AylineCuellar,foreword
Its_MoMoney,pie
biebswinks,song
biebswinks,waitforaminute
biebswinks,clubsmash
NiallJHoraann,room
NiallJHoraann,go
NiallJHoraann,holdtight
NiallJHoraann,musicmondays
NiallJHoraann,turn
NiallJHoraann,word
Alejabelieber99,go
Alejabelieber99,minute
Alejabelieber99,lastkings
valenloca21,song
valenloca21,waitforaminute
dezadobiebs,song
dezadobiebs,waitforaminute
dezadobiebs,go
dezadobiebs,minute
dezadobiebs,lastkings
dezadobiebs,clubsmash
fogoef,free
fogoef,csrracing
xuserjam,mavericks
xuserjam,goldenmaster
PreacherLDJ,store
PreacherLDJ,play
PreacherLDJ,church
OttawaStrFood,crab
OttawaStrFood,shrimp
OttawaStrFood,fish
Sophieebieber7,go
Sophieebieber7,minute
Sophieebieber7,lastkings
Superhosanna,good
Superhosanna,order
Superhosanna,appleofmyeye
GYOmag,sauce
GYOmag,cinnamon
GYOmag,apples
lpaolaf,waitforaminute
lpaolaf,holdtight
MuthNe,offer
Epricity2,year
Epricity2,appleinc
matea_juric,song
matea_juric,waitforaminute
matea_juric,clubsmash
NIALLZKATE,use
NIALLZKATE,private
nagel_elaine,go
nagel_elaine,minute
nagel_elaine,lastkings
anaaayeli_,pie
anaaayeli_,little
anaaayeli_,sister
anaaayeli_,milk
rayan_344,free
rayan_344,csrclassics
LuiisMoonster,song
LuiisMoonster,waitforaminute
kinger6668,free
kinger6668,csrclassics
larryfreeman63,app
larryfreeman63,damn
larryfreeman63,good
larryfreeman63,game
larryfreeman63,game
larryfreeman63,ios
larryfreeman63,retweet
2FlyY4DiSsHyT,hair
2FlyY4DiSsHyT,comfortable
evelinOLLG,waitforaminute
alinanos,love
alinanos,go
alinanos,way
alinanos,sweeterthanfiction
