<?xml version="1.0" encoding="UTF-8"?>
<config xmlns="http://www.knime.org/2008/09/XMLConfig" xmlns:xsi="http://www.w3.org/2001/XMLSchema-instance" xsi:schemaLocation="http://www.knime.org/2008/09/XMLConfig http://www.knime.org/XMLConfig_2008_09.xsd" key="model.xml">
<entry key="version" type="xint" value="1"/>
<entry key="class_name" type="xstring" value="org.knime.base.data.normalize.NormalizerPortObject"/>
<config key="model">
<config key="columns">
<config key="Special">
<entry key="column_name" type="xstring" value="Special"/>
<entry key="column_scale" type="xdouble" value="6.397952655150352E-4"/>
<entry key="column_translate" type="xdouble" value="-0.4657709532949456"/>
<entry key="column_min" type="xdouble" value="0.0"/>
<entry key="column_max" type="xdouble" value="1.0"/>
</config>
<config key="TNM_Acceleration">
<entry key="column_name" type="xstring" value="TNM_Acceleration"/>
<entry key="column_scale" type="xdouble" value="0.00625"/>
<entry key="column_translate" type="xdouble" value="-0.00625"/>
<entry key="column_min" type="xdouble" value="0.0"/>
<entry key="column_max" type="xdouble" value="1.0"/>
</config>
<config key="TNM_Aggression">
<entry key="column_name" type="xstring" value="TNM_Aggression"/>
<entry key="column_scale" type="xdouble" value="0.006666666666666667"/>
<entry key="column_translate" type="xdouble" value="-0.006666666666666667"/>
<entry key="column_min" type="xdouble" value="0.0"/>
<entry key="column_max" type="xdouble" value="1.0"/>
</config>
<config key="TNM_Agility">
<entry key="column_name" type="xstring" value="TNM_Agility"/>
<entry key="column_scale" type="xdouble" value="0.006896551724137931"/>
<entry key="column_translate" type="xdouble" value="-0.006896551724137931"/>
<entry key="column_min" type="xdouble" value="0.0"/>
<entry key="column_max" type="xdouble" value="1.0"/>
</config>
<config key="TNM_Balance">
<entry key="column_name" type="xstring" value="TNM_Balance"/>
<entry key="column_scale" type="xdouble" value="0.007462686567164179"/>
<entry key="column_translate" type="xdouble" value="-0.007462686567164179"/>
<entry key="column_min" type="xdouble" value="0.0"/>
<entry key="column_max" type="xdouble" value="1.0"/>
</config>
<config key="TNM_Ball control">
<entry key="column_name" type="xstring" value="TNM_Ball control"/>
<entry key="column_scale" type="xdouble" value="0.00546448087431694"/>
<entry key="column_translate" type="xdouble" value="-0.00546448087431694"/>
<entry key="column_min" type="xdouble" value="0.0"/>
<entry key="column_max" type="xdouble" value="1.0"/>
</config>
<config key="TNM_Composure">
<entry key="column_name" type="xstring" value="TNM_Composure"/>
<entry key="column_scale" type="xdouble" value="0.00625"/>
<entry key="column_translate" type="xdouble" value="-0.00625"/>
<entry key="column_min" type="xdouble" value="0.0"/>
<entry key="column_max" type="xdouble" value="1.0"/>
</config>
<config key="TNM_Crossing">
<entry key="column_name" type="xstring" value="TNM_Crossing"/>
<entry key="column_scale" type="xdouble" value="0.005714285714285714"/>
<entry key="column_translate" type="xdouble" value="-0.005714285714285714"/>
<entry key="column_min" type="xdouble" value="0.0"/>
<entry key="column_max" type="xdouble" value="1.0"/>
</config>
<config key="TNM_Curve">
<entry key="column_name" type="xstring" value="TNM_Curve"/>
<entry key="column_scale" type="xdouble" value="0.006578947368421052"/>
<entry key="column_translate" type="xdouble" value="-0.006578947368421052"/>
<entry key="column_min" type="xdouble" value="0.0"/>
<entry key="column_max" type="xdouble" value="1.0"/>
</config>
<config key="TNM_Dribbling">
<entry key="column_name" type="xstring" value="TNM_Dribbling"/>
<entry key="column_scale" type="xdouble" value="0.0051813471502590676"/>
<entry key="column_translate" type="xdouble" value="-0.0051813471502590676"/>
<entry key="column_min" type="xdouble" value="0.0"/>
<entry key="column_max" type="xdouble" value="1.0"/>
</config>
<config key="TNM_Finishing">
<entry key="column_name" type="xstring" value="TNM_Finishing"/>
<entry key="column_scale" type="xdouble" value="0.005376344086021506"/>
<entry key="column_translate" type="xdouble" value="-0.005376344086021506"/>
<entry key="column_min" type="xdouble" value="0.0"/>
<entry key="column_max" type="xdouble" value="1.0"/>
</config>
<config key="TNM_Free kick accuracy">
<entry key="column_name" type="xstring" value="TNM_Free kick accuracy"/>
<entry key="column_scale" type="xdouble" value="0.007407407407407408"/>
<entry key="column_translate" type="xdouble" value="-0.007407407407407408"/>
<entry key="column_min" type="xdouble" value="0.0"/>
<entry key="column_max" type="xdouble" value="1.0"/>
</config>
<config key="TNM_GK diving">
<entry key="column_name" type="xstring" value="TNM_GK diving"/>
<entry key="column_scale" type="xdouble" value="0.010101010101010102"/>
<entry key="column_translate" type="xdouble" value="-0.010101010101010102"/>
<entry key="column_min" type="xdouble" value="0.0"/>
<entry key="column_max" type="xdouble" value="1.0"/>
</config>
<config key="TNM_GK handling">
<entry key="column_name" type="xstring" value="TNM_GK handling"/>
<entry key="column_scale" type="xdouble" value="0.010416666666666666"/>
<entry key="column_translate" type="xdouble" value="-0.010416666666666666"/>
<entry key="column_min" type="xdouble" value="0.0"/>
<entry key="column_max" type="xdouble" value="1.0"/>
</config>
<config key="TNM_GK kicking">
<entry key="column_name" type="xstring" value="TNM_GK kicking"/>
<entry key="column_scale" type="xdouble" value="0.00980392156862745"/>
<entry key="column_translate" type="xdouble" value="-0.00980392156862745"/>
<entry key="column_min" type="xdouble" value="0.0"/>
<entry key="column_max" type="xdouble" value="1.0"/>
</config>
<config key="TNM_GK positioning">
<entry key="column_name" type="xstring" value="TNM_GK positioning"/>
<entry key="column_scale" type="xdouble" value="0.01020408163265306"/>
<entry key="column_translate" type="xdouble" value="-0.01020408163265306"/>
<entry key="column_min" type="xdouble" value="0.0"/>
<entry key="column_max" type="xdouble" value="1.0"/>
</config>
<config key="TNM_GK reflexes">
<entry key="column_name" type="xstring" value="TNM_GK reflexes"/>
<entry key="column_scale" type="xdouble" value="0.009900990099009901"/>
<entry key="column_translate" type="xdouble" value="-0.009900990099009901"/>
<entry key="column_min" type="xdouble" value="0.0"/>
<entry key="column_max" type="xdouble" value="1.0"/>
</config>
<config key="TNM_Heading accuracy">
<entry key="column_name" type="xstring" value="TNM_Heading accuracy"/>
<entry key="column_scale" type="xdouble" value="0.006369426751592357"/>
<entry key="column_translate" type="xdouble" value="-0.006369426751592357"/>
<entry key="column_min" type="xdouble" value="0.0"/>
<entry key="column_max" type="xdouble" value="1.0"/>
</config>
<config key="TNM_Interceptions">
<entry key="column_name" type="xstring" value="TNM_Interceptions"/>
<entry key="column_scale" type="xdouble" value="0.005780346820809248"/>
<entry key="column_translate" type="xdouble" value="-0.005780346820809248"/>
<entry key="column_min" type="xdouble" value="0.0"/>
<entry key="column_max" type="xdouble" value="1.0"/>
</config>
<config key="TNM_Jumping">
<entry key="column_name" type="xstring" value="TNM_Jumping"/>
<entry key="column_scale" type="xdouble" value="0.007194244604316547"/>
<entry key="column_translate" type="xdouble" value="-0.007194244604316547"/>
<entry key="column_min" type="xdouble" value="0.0"/>
<entry key="column_max" type="xdouble" value="1.0"/>
</config>
<config key="TNM_Long passing">
<entry key="column_name" type="xstring" value="TNM_Long passing"/>
<entry key="column_scale" type="xdouble" value="0.0053475935828877"/>
<entry key="column_translate" type="xdouble" value="-0.0053475935828877"/>
<entry key="column_min" type="xdouble" value="0.0"/>
<entry key="column_max" type="xdouble" value="1.0"/>
</config>
<config key="TNM_Long shots">
<entry key="column_name" type="xstring" value="TNM_Long shots"/>
<entry key="column_scale" type="xdouble" value="0.0064516129032258064"/>
<entry key="column_translate" type="xdouble" value="-0.0064516129032258064"/>
<entry key="column_min" type="xdouble" value="0.0"/>
<entry key="column_max" type="xdouble" value="1.0"/>
</config>
<config key="TNM_Marking">
<entry key="column_name" type="xstring" value="TNM_Marking"/>
<entry key="column_scale" type="xdouble" value="0.005494505494505495"/>
<entry key="column_translate" type="xdouble" value="-0.005494505494505495"/>
<entry key="column_min" type="xdouble" value="0.0"/>
<entry key="column_max" type="xdouble" value="1.0"/>
</config>
<config key="TNM_Penalties">
<entry key="column_name" type="xstring" value="TNM_Penalties"/>
<entry key="column_scale" type="xdouble" value="0.008620689655172414"/>
<entry key="column_translate" type="xdouble" value="-0.008620689655172414"/>
<entry key="column_min" type="xdouble" value="0.0"/>
<entry key="column_max" type="xdouble" value="1.0"/>
</config>
<config key="TNM_Positioning">
<entry key="column_name" type="xstring" value="TNM_Positioning"/>
<entry key="column_scale" type="xdouble" value="0.0058823529411764705"/>
<entry key="column_translate" type="xdouble" value="-0.0058823529411764705"/>
<entry key="column_min" type="xdouble" value="0.0"/>
<entry key="column_max" type="xdouble" value="1.0"/>
</config>
<config key="TNM_Reactions">
<entry key="column_name" type="xstring" value="TNM_Reactions"/>
<entry key="column_scale" type="xdouble" value="0.006369426751592357"/>
<entry key="column_translate" type="xdouble" value="-0.006369426751592357"/>
<entry key="column_min" type="xdouble" value="0.0"/>
<entry key="column_max" type="xdouble" value="1.0"/>
</config>
<config key="TNM_Short passing">
<entry key="column_name" type="xstring" value="TNM_Short passing"/>
<entry key="column_scale" type="xdouble" value="0.004807692307692308"/>
<entry key="column_translate" type="xdouble" value="-0.004807692307692308"/>
<entry key="column_min" type="xdouble" value="0.0"/>
<entry key="column_max" type="xdouble" value="1.0"/>
</config>
<config key="TNM_Shot power">
<entry key="column_name" type="xstring" value="TNM_Shot power"/>
<entry key="column_scale" type="xdouble" value="0.006578947368421052"/>
<entry key="column_translate" type="xdouble" value="-0.006578947368421052"/>
<entry key="column_min" type="xdouble" value="0.0"/>
<entry key="column_max" type="xdouble" value="1.0"/>
</config>
<config key="TNM_Sliding tackle">
<entry key="column_name" type="xstring" value="TNM_Sliding tackle"/>
<entry key="column_scale" type="xdouble" value="0.005952380952380952"/>
<entry key="column_translate" type="xdouble" value="-0.005952380952380952"/>
<entry key="column_min" type="xdouble" value="0.0"/>
<entry key="column_max" type="xdouble" value="1.0"/>
</config>
<config key="TNM_Sprint speed">
<entry key="column_name" type="xstring" value="TNM_Sprint speed"/>
<entry key="column_scale" type="xdouble" value="0.0051813471502590676"/>
<entry key="column_translate" type="xdouble" value="-0.0051813471502590676"/>
<entry key="column_min" type="xdouble" value="0.0"/>
<entry key="column_max" type="xdouble" value="1.0"/>
</config>
<config key="TNM_Stamina">
<entry key="column_name" type="xstring" value="TNM_Stamina"/>
<entry key="column_scale" type="xdouble" value="0.00558659217877095"/>
<entry key="column_translate" type="xdouble" value="-0.00558659217877095"/>
<entry key="column_min" type="xdouble" value="0.0"/>
<entry key="column_max" type="xdouble" value="1.0"/>
</config>
<config key="TNM_Standing tackle">
<entry key="column_name" type="xstring" value="TNM_Standing tackle"/>
<entry key="column_scale" type="xdouble" value="0.005376344086021506"/>
<entry key="column_translate" type="xdouble" value="-0.005376344086021506"/>
<entry key="column_min" type="xdouble" value="0.0"/>
<entry key="column_max" type="xdouble" value="1.0"/>
</config>
<config key="TNM_Strength">
<entry key="column_name" type="xstring" value="TNM_Strength"/>
<entry key="column_scale" type="xdouble" value="0.005988023952095809"/>
<entry key="column_translate" type="xdouble" value="-0.005988023952095809"/>
<entry key="column_min" type="xdouble" value="0.0"/>
<entry key="column_max" type="xdouble" value="1.0"/>
</config>
<config key="TNM_Vision">
<entry key="column_name" type="xstring" value="TNM_Vision"/>
<entry key="column_scale" type="xdouble" value="0.005813953488372093"/>
<entry key="column_translate" type="xdouble" value="-0.005813953488372093"/>
<entry key="column_min" type="xdouble" value="0.0"/>
<entry key="column_max" type="xdouble" value="1.0"/>
</config>
<config key="TNM_Volleys">
<entry key="column_name" type="xstring" value="TNM_Volleys"/>
<entry key="column_scale" type="xdouble" value="0.008064516129032258"/>
<entry key="column_translate" type="xdouble" value="-0.008064516129032258"/>
<entry key="column_min" type="xdouble" value="0.0"/>
<entry key="column_max" type="xdouble" value="1.0"/>
</config>
<config key="CAM">
<entry key="column_name" type="xstring" value="CAM"/>
<entry key="column_scale" type="xdouble" value="0.015384615384615385"/>
<entry key="column_translate" type="xdouble" value="-0.4153846153846154"/>
<entry key="column_min" type="xdouble" value="0.0"/>
<entry key="column_max" type="xdouble" value="1.0"/>
</config>
<config key="CB">
<entry key="column_name" type="xstring" value="CB"/>
<entry key="column_scale" type="xdouble" value="0.016129032258064516"/>
<entry key="column_translate" type="xdouble" value="-0.4032258064516129"/>
<entry key="column_min" type="xdouble" value="0.0"/>
<entry key="column_max" type="xdouble" value="1.0"/>
</config>
<config key="CDM">
<entry key="column_name" type="xstring" value="CDM"/>
<entry key="column_scale" type="xdouble" value="0.01694915254237288"/>
<entry key="column_translate" type="xdouble" value="-0.4406779661016949"/>
<entry key="column_min" type="xdouble" value="0.0"/>
<entry key="column_max" type="xdouble" value="1.0"/>
</config>
<config key="CF">
<entry key="column_name" type="xstring" value="CF"/>
<entry key="column_scale" type="xdouble" value="0.015384615384615385"/>
<entry key="column_translate" type="xdouble" value="-0.4153846153846154"/>
<entry key="column_min" type="xdouble" value="0.0"/>
<entry key="column_max" type="xdouble" value="1.0"/>
</config>
<config key="CM">
<entry key="column_name" type="xstring" value="CM"/>
<entry key="column_scale" type="xdouble" value="0.017543859649122806"/>
<entry key="column_translate" type="xdouble" value="-0.5263157894736842"/>
<entry key="column_min" type="xdouble" value="0.0"/>
<entry key="column_max" type="xdouble" value="1.0"/>
</config>
<config key="LAM">
<entry key="column_name" type="xstring" value="LAM"/>
<entry key="column_scale" type="xdouble" value="0.015384615384615385"/>
<entry key="column_translate" type="xdouble" value="-0.4153846153846154"/>
<entry key="column_min" type="xdouble" value="0.0"/>
<entry key="column_max" type="xdouble" value="1.0"/>
</config>
<config key="LB">
<entry key="column_name" type="xstring" value="LB"/>
<entry key="column_scale" type="xdouble" value="0.018518518518518517"/>
<entry key="column_translate" type="xdouble" value="-0.5555555555555556"/>
<entry key="column_min" type="xdouble" value="0.0"/>
<entry key="column_max" type="xdouble" value="1.0"/>
</config>
<config key="LCB">
<entry key="column_name" type="xstring" value="LCB"/>
<entry key="column_scale" type="xdouble" value="0.016129032258064516"/>
<entry key="column_translate" type="xdouble" value="-0.4032258064516129"/>
<entry key="column_min" type="xdouble" value="0.0"/>
<entry key="column_max" type="xdouble" value="1.0"/>
</config>
<config key="LCM">
<entry key="column_name" type="xstring" value="LCM"/>
<entry key="column_scale" type="xdouble" value="0.017543859649122806"/>
<entry key="column_translate" type="xdouble" value="-0.5263157894736842"/>
<entry key="column_min" type="xdouble" value="0.0"/>
<entry key="column_max" type="xdouble" value="1.0"/>
</config>
<config key="LDM">
<entry key="column_name" type="xstring" value="LDM"/>
<entry key="column_scale" type="xdouble" value="0.01694915254237288"/>
<entry key="column_translate" type="xdouble" value="-0.4406779661016949"/>
<entry key="column_min" type="xdouble" value="0.0"/>
<entry key="column_max" type="xdouble" value="1.0"/>
</config>
<config key="LF">
<entry key="column_name" type="xstring" value="LF"/>
<entry key="column_scale" type="xdouble" value="0.015384615384615385"/>
<entry key="column_translate" type="xdouble" value="-0.4153846153846154"/>
<entry key="column_min" type="xdouble" value="0.0"/>
<entry key="column_max" type="xdouble" value="1.0"/>
</config>
<config key="LM">
<entry key="column_name" type="xstring" value="LM"/>
<entry key="column_scale" type="xdouble" value="0.016129032258064516"/>
<entry key="column_translate" type="xdouble" value="-0.45161290322580644"/>
<entry key="column_min" type="xdouble" value="0.0"/>
<entry key="column_max" type="xdouble" value="1.0"/>
</config>
<config key="LS">
<entry key="column_name" type="xstring" value="LS"/>
<entry key="column_scale" type="xdouble" value="0.01639344262295082"/>
<entry key="column_translate" type="xdouble" value="-0.5081967213114754"/>
<entry key="column_min" type="xdouble" value="0.0"/>
<entry key="column_max" type="xdouble" value="1.0"/>
</config>
<config key="LW">
<entry key="column_name" type="xstring" value="LW"/>
<entry key="column_scale" type="xdouble" value="0.015384615384615385"/>
<entry key="column_translate" type="xdouble" value="-0.4"/>
<entry key="column_min" type="xdouble" value="0.0"/>
<entry key="column_max" type="xdouble" value="1.0"/>
</config>
<config key="LWB">
<entry key="column_name" type="xstring" value="LWB"/>
<entry key="column_scale" type="xdouble" value="0.018867924528301886"/>
<entry key="column_translate" type="xdouble" value="-0.5849056603773585"/>
<entry key="column_min" type="xdouble" value="0.0"/>
<entry key="column_max" type="xdouble" value="1.0"/>
</config>
<config key="RAM">
<entry key="column_name" type="xstring" value="RAM"/>
<entry key="column_scale" type="xdouble" value="0.015384615384615385"/>
<entry key="column_translate" type="xdouble" value="-0.4153846153846154"/>
<entry key="column_min" type="xdouble" value="0.0"/>
<entry key="column_max" type="xdouble" value="1.0"/>
</config>
<config key="RB">
<entry key="column_name" type="xstring" value="RB"/>
<entry key="column_scale" type="xdouble" value="0.018518518518518517"/>
<entry key="column_translate" type="xdouble" value="-0.5555555555555556"/>
<entry key="column_min" type="xdouble" value="0.0"/>
<entry key="column_max" type="xdouble" value="1.0"/>
</config>
<config key="RCB">
<entry key="column_name" type="xstring" value="RCB"/>
<entry key="column_scale" type="xdouble" value="0.016129032258064516"/>
<entry key="column_translate" type="xdouble" value="-0.4032258064516129"/>
<entry key="column_min" type="xdouble" value="0.0"/>
<entry key="column_max" type="xdouble" value="1.0"/>
</config>
<config key="RCM">
<entry key="column_name" type="xstring" value="RCM"/>
<entry key="column_scale" type="xdouble" value="0.017543859649122806"/>
<entry key="column_translate" type="xdouble" value="-0.5263157894736842"/>
<entry key="column_min" type="xdouble" value="0.0"/>
<entry key="column_max" type="xdouble" value="1.0"/>
</config>
<config key="RDM">
<entry key="column_name" type="xstring" value="RDM"/>
<entry key="column_scale" type="xdouble" value="0.01694915254237288"/>
<entry key="column_translate" type="xdouble" value="-0.4406779661016949"/>
<entry key="column_min" type="xdouble" value="0.0"/>
<entry key="column_max" type="xdouble" value="1.0"/>
</config>
<config key="RF">
<entry key="column_name" type="xstring" value="RF"/>
<entry key="column_scale" type="xdouble" value="0.015384615384615385"/>
<entry key="column_translate" type="xdouble" value="-0.4153846153846154"/>
<entry key="column_min" type="xdouble" value="0.0"/>
<entry key="column_max" type="xdouble" value="1.0"/>
</config>
<config key="RM">
<entry key="column_name" type="xstring" value="RM"/>
<entry key="column_scale" type="xdouble" value="0.016129032258064516"/>
<entry key="column_translate" type="xdouble" value="-0.45161290322580644"/>
<entry key="column_min" type="xdouble" value="0.0"/>
<entry key="column_max" type="xdouble" value="1.0"/>
</config>
<config key="RS">
<entry key="column_name" type="xstring" value="RS"/>
<entry key="column_scale" type="xdouble" value="0.01639344262295082"/>
<entry key="column_translate" type="xdouble" value="-0.5081967213114754"/>
<entry key="column_min" type="xdouble" value="0.0"/>
<entry key="column_max" type="xdouble" value="1.0"/>
</config>
<config key="RW">
<entry key="column_name" type="xstring" value="RW"/>
<entry key="column_scale" type="xdouble" value="0.015384615384615385"/>
<entry key="column_translate" type="xdouble" value="-0.4"/>
<entry key="column_min" type="xdouble" value="0.0"/>
<entry key="column_max" type="xdouble" value="1.0"/>
</config>
<config key="RWB">
<entry key="column_name" type="xstring" value="RWB"/>
<entry key="column_scale" type="xdouble" value="0.018867924528301886"/>
<entry key="column_translate" type="xdouble" value="-0.5849056603773585"/>
<entry key="column_min" type="xdouble" value="0.0"/>
<entry key="column_max" type="xdouble" value="1.0"/>
</config>
<config key="ST">
<entry key="column_name" type="xstring" value="ST"/>
<entry key="column_scale" type="xdouble" value="0.01639344262295082"/>
<entry key="column_translate" type="xdouble" value="-0.5081967213114754"/>
<entry key="column_min" type="xdouble" value="0.0"/>
<entry key="column_max" type="xdouble" value="1.0"/>
</config>
</config>
<entry key="summary" type="xstring" value="Min/Max (0.0, 1) normalization on 61 column(s)"/>
</config>
</config>
