<?xml version="1.0" encoding="UTF-8"?>
<config xmlns="http://www.knime.org/2008/09/XMLConfig" xmlns:xsi="http://www.w3.org/2001/XMLSchema-instance" xsi:schemaLocation="http://www.knime.org/2008/09/XMLConfig http://www.knime.org/XMLConfig_2008_09.xsd" key="model.xml">
<entry key="version" type="xint" value="1"/>
<entry key="class_name" type="xstring" value="org.knime.base.data.normalize.NormalizerPortObject"/>
<config key="model">
<config key="columns">
<config key="WineType">
<entry key="column_name" type="xstring" value="WineType"/>
<entry key="column_scale" type="xdouble" value="0.5"/>
<entry key="column_translate" type="xdouble" value="-0.5"/>
<entry key="column_min" type="xdouble" value="0.0"/>
<entry key="column_max" type="xdouble" value="1.0"/>
</config>
<config key="Alcohol">
<entry key="column_name" type="xstring" value="Alcohol"/>
<entry key="column_scale" type="xdouble" value="0.26315789473684204"/>
<entry key="column_translate" type="xdouble" value="-2.9026315789473673"/>
<entry key="column_min" type="xdouble" value="0.0"/>
<entry key="column_max" type="xdouble" value="1.0"/>
</config>
<config key="Malic acid">
<entry key="column_name" type="xstring" value="Malic acid"/>
<entry key="column_scale" type="xdouble" value="0.19762845849802374"/>
<entry key="column_translate" type="xdouble" value="-0.14624505928853757"/>
<entry key="column_min" type="xdouble" value="0.0"/>
<entry key="column_max" type="xdouble" value="1.0"/>
</config>
<config key="Ash">
<entry key="column_name" type="xstring" value="Ash"/>
<entry key="column_scale" type="xdouble" value="0.5347593582887701"/>
<entry key="column_translate" type="xdouble" value="-0.7272727272727274"/>
<entry key="column_min" type="xdouble" value="0.0"/>
<entry key="column_max" type="xdouble" value="1.0"/>
</config>
<config key="Alcalinity of ash">
<entry key="column_name" type="xstring" value="Alcalinity of ash"/>
<entry key="column_scale" type="xdouble" value="0.051546391752577324"/>
<entry key="column_translate" type="xdouble" value="-0.5463917525773196"/>
<entry key="column_min" type="xdouble" value="0.0"/>
<entry key="column_max" type="xdouble" value="1.0"/>
</config>
<config key="Magnesium">
<entry key="column_name" type="xstring" value="Magnesium"/>
<entry key="column_scale" type="xdouble" value="0.010869565217391304"/>
<entry key="column_translate" type="xdouble" value="-0.7608695652173912"/>
<entry key="column_min" type="xdouble" value="0.0"/>
<entry key="column_max" type="xdouble" value="1.0"/>
</config>
<config key="Total phenols">
<entry key="column_name" type="xstring" value="Total phenols"/>
<entry key="column_scale" type="xdouble" value="0.3448275862068966"/>
<entry key="column_translate" type="xdouble" value="-0.33793103448275863"/>
<entry key="column_min" type="xdouble" value="0.0"/>
<entry key="column_max" type="xdouble" value="1.0"/>
</config>
<config key="Flavanoids">
<entry key="column_name" type="xstring" value="Flavanoids"/>
<entry key="column_scale" type="xdouble" value="0.21097046413502107"/>
<entry key="column_translate" type="xdouble" value="-0.07172995780590717"/>
<entry key="column_min" type="xdouble" value="0.0"/>
<entry key="column_max" type="xdouble" value="1.0"/>
</config>
<config key="Nonflavanoid phenols">
<entry key="column_name" type="xstring" value="Nonflavanoid phenols"/>
<entry key="column_scale" type="xdouble" value="1.8867924528301885"/>
<entry key="column_translate" type="xdouble" value="-0.2452830188679245"/>
<entry key="column_min" type="xdouble" value="0.0"/>
<entry key="column_max" type="xdouble" value="1.0"/>
</config>
<config key="Proanthocyanins">
<entry key="column_name" type="xstring" value="Proanthocyanins"/>
<entry key="column_scale" type="xdouble" value="0.31545741324921134"/>
<entry key="column_translate" type="xdouble" value="-0.12933753943217663"/>
<entry key="column_min" type="xdouble" value="0.0"/>
<entry key="column_max" type="xdouble" value="1.0"/>
</config>
<config key="Color intensity">
<entry key="column_name" type="xstring" value="Color intensity"/>
<entry key="column_scale" type="xdouble" value="0.08532423208191126"/>
<entry key="column_translate" type="xdouble" value="-0.1092150170648464"/>
<entry key="column_min" type="xdouble" value="0.0"/>
<entry key="column_max" type="xdouble" value="1.0"/>
</config>
<config key="Hue">
<entry key="column_name" type="xstring" value="Hue"/>
<entry key="column_scale" type="xdouble" value="0.8130081300813008"/>
<entry key="column_translate" type="xdouble" value="-0.39024390243902435"/>
<entry key="column_min" type="xdouble" value="0.0"/>
<entry key="column_max" type="xdouble" value="1.0"/>
</config>
<config key="OD280/OD315 of diluted wines">
<entry key="column_name" type="xstring" value="OD280/OD315 of diluted wines"/>
<entry key="column_scale" type="xdouble" value="0.3663003663003663"/>
<entry key="column_translate" type="xdouble" value="-0.46520146520146516"/>
<entry key="column_min" type="xdouble" value="0.0"/>
<entry key="column_max" type="xdouble" value="1.0"/>
</config>
<config key="Proline">
<entry key="column_name" type="xstring" value="Proline"/>
<entry key="column_scale" type="xdouble" value="7.132667617689016E-4"/>
<entry key="column_translate" type="xdouble" value="-0.19828815977175465"/>
<entry key="column_min" type="xdouble" value="0.0"/>
<entry key="column_max" type="xdouble" value="1.0"/>
</config>
</config>
<entry key="summary" type="xstring" value="Min/Max (0.0, 1) normalization on 14 column(s)"/>
</config>
</config>
